timestamp,proba_long,proba_short,confidence_ratio,decision,base_prob_threshold,base_ratio_threshold,ict_mode,cooldown_blocked,cooldown_remaining_minutes
2025-11-02 20:45:00,0.04532894643560835,0.15878638229620243,3.5029797686069117,HOLD,0.5004,1.5,False,,
2025-11-02 21:00:00,0.042384202251602436,0.18919601097629876,4.463833242706503,HOLD,0.5004,1.5,False,,
2025-11-02 21:15:00,0.03409525402243922,0.19653978461623403,5.764432330871759,HOLD,0.5004,1.5,False,,
2025-11-02 21:30:00,0.02558506384043857,0.24331970120279117,9.510224509122049,HOLD,0.5004,1.5,False,,
2025-11-02 21:45:00,0.017112561410638428,0.34082419502591876,19.916609024645332,HOLD,0.5004,1.5,False,,
2025-11-02 22:00:00,0.016793890510774886,0.31137180259986896,18.54077840986841,HOLD,0.5004,1.5,False,,
2025-11-02 22:15:00,0.019063522247007164,0.2553764147820945,13.396077150547914,HOLD,0.5004,1.5,False,,
2025-11-02 22:30:00,0.019314845447413603,0.29939869601962554,15.500962554153762,HOLD,0.5004,1.5,False,,
2025-11-02 22:45:00,0.04818860232086123,0.27149678569393665,5.634045658477286,HOLD,0.5004,1.5,False,,
2025-11-02 23:00:00,0.02610889399008198,0.2860116333322821,10.954567184689237,HOLD,0.5004,1.5,False,,
2025-11-02 23:15:00,0.012452466712708249,0.43349629631995545,34.81208232241688,HOLD,0.5004,1.5,False,,
2025-11-02 23:30:00,0.012586561297772638,0.4677045196041582,37.15903879854181,HOLD,0.5004,1.5,False,,
2025-11-02 23:45:00,0.01012861536535819,0.47751225910071,47.14487043647581,HOLD,0.5004,1.5,False,,
2025-11-03 00:00:00,0.00784495300288052,0.5484953002873251,69.91696445930623,SHORT,0.5004,1.5,False,,
2025-11-03 02:30:00,0.8961330194754188,0.03359787511917664,26.672312350013275,LONG,0.5004,1.5,False,True,30.0
2025-11-03 02:45:00,0.8965689773841587,0.03460965207402284,25.90517164017091,LONG,0.5004,1.5,False,True,15.0
2025-11-03 03:00:00,0.9097197371309256,0.03614606578307843,25.167876985295745,LONG,0.5004,1.5,False,,
2025-11-03 03:45:00,0.967505740109064,0.06602032107999717,14.654665779900286,LONG,0.5004,1.5,False,True,30.0
2025-11-03 04:00:00,0.9696433298079592,0.07346180349029209,13.199285666000518,LONG,0.5004,1.5,False,True,15.0
2025-11-03 04:15:00,0.39434954748473017,0.26316454705561176,1.4984904003858714,HOLD,0.5004,1.5,False,,
2025-11-03 04:30:00,0.3125153495674143,0.26674861259283233,1.1715725398896104,HOLD,0.5004,1.5,False,,
2025-11-03 04:45:00,0.3241787593763932,0.2633627215568022,1.230921208058955,HOLD,0.5004,1.5,False,,
2025-11-03 05:00:00,0.3128478267541942,0.2652819453030402,1.179303123689092,HOLD,0.5004,1.5,False,,
2025-11-03 05:15:00,0.2453704739136538,0.24488893892172886,1.0019663403093875,HOLD,0.5004,1.5,False,,
2025-11-03 05:30:00,0.2685210408431295,0.2451232973174782,1.0954529568658138,HOLD,0.5004,1.5,False,,
2025-11-03 05:45:00,0.3628173252274642,0.23855225109126846,1.5209134416788745,HOLD,0.5004,1.5,False,,
2025-11-03 06:00:00,0.36650897643469765,0.23476510935300648,1.5611731123281758,HOLD,0.5004,1.5,False,,
2025-11-03 06:15:00,0.46545080983928255,0.22543980422279347,2.0646345548601324,HOLD,0.5004,1.5,False,,
2025-11-03 06:30:00,0.4529095328332873,0.2251062495465994,2.011981158877289,HOLD,0.5004,1.5,False,,
2025-11-03 06:45:00,0.4822376870071527,0.2214569114252133,2.1775689180511573,HOLD,0.5004,1.5,False,,
2025-11-03 07:00:00,0.5045872769933968,0.22738494048689648,2.2190883702013444,LONG,0.5004,1.5,False,,
2025-11-03 08:15:00,0.38776076475811533,0.211339773586009,1.8347742035424688,HOLD,0.5004,1.5,False,,
2025-11-03 08:30:00,0.40853114149195313,0.20936154555549882,1.9513189034213412,HOLD,0.5004,1.5,False,,
2025-11-03 08:45:00,0.45351217775082125,0.20822145842766854,2.178028053282324,HOLD,0.5004,1.5,False,,
2025-11-03 09:00:00,0.5008153197454043,0.25302446859813527,1.9793157654678113,LONG,0.5004,1.5,False,,
2025-11-03 10:45:00,0.4780690628996326,0.22222471797794155,2.1512866221618365,HOLD,0.5004,1.5,False,,
2025-11-03 11:00:00,0.5676230877195818,0.20268282558271578,2.8005485224890565,LONG,0.5004,1.5,False,True,15.0
2025-11-03 11:15:00,0.5124822956608125,0.24512587317403564,2.090690342169461,LONG,0.5004,1.5,False,,
2025-11-03 13:00:00,0.18911052109504486,0.5674654636345806,3.000708053410623,SHORT,0.5004,1.5,False,True,30.0
2025-11-03 13:15:00,0.1916711058361475,0.5436174185958687,2.8361991037949505,SHORT,0.5004,1.5,False,True,15.0
2025-11-03 13:30:00,0.1558542990668473,0.5772938101709493,3.704060867280554,SHORT,0.5004,1.5,False,,
2025-11-03 14:00:00,0.17152956942150652,0.5892020853717901,3.4349884242052755,SHORT,0.5004,1.5,False,True,30.0
2025-11-03 14:15:00,0.1789804652940679,0.6246098907679636,3.4898215832756896,SHORT,0.5004,1.5,False,True,15.0
2025-11-03 14:30:00,0.2590055243138325,0.6158810267803048,2.377868303820626,SHORT,0.5004,1.5,False,,
2025-11-03 15:15:00,0.3162795518470966,0.6621156689350771,2.093450762365987,SHORT,0.5004,1.5,False,True,30.0
2025-11-03 15:30:00,0.5640436499941051,0.4717377568726244,1.1956720482443903,HOLD,0.5004,1.5,False,,
2025-11-03 15:45:00,0.6707379053763324,0.6229988808430413,1.0766277853801127,HOLD,0.5004,1.5,False,,
2025-11-03 16:00:00,0.7120014579324278,0.6262507604978044,1.1369270950928034,HOLD,0.5004,1.5,False,,
2025-11-03 16:15:00,0.6836148436028727,0.7459283514067072,1.0911529472874257,HOLD,0.5004,1.5,False,,
2025-11-03 16:30:00,0.5701804337252486,0.7468466792461469,1.3098427007862357,HOLD,0.5004,1.5,False,,
2025-11-03 16:45:00,0.4922626328745585,0.7323096528863283,1.4876401416252534,HOLD,0.5004,1.5,False,,
2025-11-03 17:00:00,0.46395563738532103,0.7074302091355991,1.5247798542171163,SHORT,0.5004,1.5,False,,
2025-11-03 17:30:00,0.48375283310543843,0.6899569480165063,1.4262592398422684,HOLD,0.5004,1.5,False,,
2025-11-03 17:45:00,0.39827342432253615,0.6887459599426463,1.729329445252855,SHORT,0.5004,1.5,False,True,15.0
2025-11-03 18:00:00,0.24255627552267328,0.7156424367606624,2.950418146133542,SHORT,0.5004,1.5,False,,
2025-11-03 19:15:00,0.42123976694940535,0.5055381522756298,1.2001197226385074,HOLD,0.5004,1.5,False,,
2025-11-03 19:30:00,0.4269291817474605,0.49953197128372245,1.1700581563412744,HOLD,0.5004,1.5,False,,
2025-11-03 19:45:00,0.29553846181720195,0.541201595016342,1.8312391276878506,SHORT,0.5004,1.5,False,,
2025-11-03 20:30:00,0.5488684190832283,0.5480573068498623,1.0014799770447878,HOLD,0.5004,1.5,False,,
2025-11-03 20:45:00,0.49204499197671603,0.5482004397496605,1.1141266524171873,HOLD,0.5004,1.5,False,,
2025-11-03 21:00:00,0.6582759213315182,0.5478620787766696,1.2015358369051452,HOLD,0.5004,1.5,False,,
2025-11-03 21:15:00,0.5883493128534601,0.5319600103689512,1.1060028975587828,HOLD,0.5004,1.5,False,,
2025-11-03 21:30:00,0.6038748326449079,0.5461776007576566,1.1056382242831155,HOLD,0.5004,1.5,False,,
2025-11-03 21:45:00,0.3697136990036334,0.5764288442699251,1.5591222230157618,SHORT,0.5004,1.5,False,,
2025-11-03 22:15:00,0.5256260730849122,0.5050987131334355,1.0406402935064574,HOLD,0.5004,1.5,False,,
2025-11-03 22:30:00,0.5281674185318594,0.5055135282392378,1.0448136182854053,HOLD,0.5004,1.5,False,,
2025-11-03 22:45:00,0.5050264236099928,0.5118380836942071,1.013487730078604,HOLD,0.5004,1.5,False,,
2025-11-03 23:00:00,0.3587943305376818,0.5562769299150037,1.5504061312267072,SHORT,0.5004,1.5,False,,
2025-11-04 00:30:00,0.4144354414548698,0.6501736237393321,1.5688176220086454,SHORT,0.5004,1.5,False,True,30.0
2025-11-04 00:45:00,0.1899357809400497,0.7125825716897921,3.751702644772908,SHORT,0.5004,1.5,False,True,15.0
2025-11-04 01:00:00,0.16452935826417786,0.7162687670804051,4.353440471884188,SHORT,0.5004,1.5,False,,
2025-11-04 05:15:00,0.3624134725905714,0.6411896136424313,1.7692212407533787,SHORT,0.5004,1.5,False,True,30.0
2025-11-04 05:30:00,0.7427481858357706,0.572427711931957,1.297540580851647,HOLD,0.5004,1.5,False,,
2025-11-04 05:45:00,0.7790924526440756,0.575260667626196,1.3543294309673355,HOLD,0.5004,1.5,False,,
2025-11-04 06:00:00,0.8300709650188195,0.5854190314521508,1.4179090880592005,HOLD,0.5004,1.5,False,,
2025-11-04 06:15:00,0.8072004189580847,0.6840693127373166,1.1799979971737902,HOLD,0.5004,1.5,False,,
2025-11-04 06:30:00,0.7377102416813203,0.7203277794796592,1.024131322846132,HOLD,0.5004,1.5,False,,
2025-11-04 06:45:00,0.8367713938481413,0.7195496953013658,1.162909802216899,HOLD,0.5004,1.5,False,,
2025-11-04 07:00:00,0.8253096828934408,0.6744305465128171,1.2237133788805283,HOLD,0.5004,1.5,False,,
2025-11-04 07:15:00,0.8607702825991133,0.6664761995723647,1.291524413251988,HOLD,0.5004,1.5,False,,
2025-11-04 07:30:00,0.8736869835694081,0.6634810917129693,1.3168227316225865,HOLD,0.5004,1.5,False,,
2025-11-04 07:45:00,0.8879247065829107,0.6940295540895691,1.2793759305361196,HOLD,0.5004,1.5,False,,
2025-11-04 08:00:00,0.850460791349186,0.6750950897291693,1.2597644454655548,HOLD,0.5004,1.5,False,,
2025-11-04 08:15:00,0.610632838077024,0.757771332167601,1.2409606639465027,HOLD,0.5004,1.5,False,,
2025-11-04 08:30:00,0.586538030458571,0.8071189563739162,1.376072674678723,HOLD,0.5004,1.5,False,,
2025-11-04 08:45:00,0.33454133899727007,0.8494119240723702,2.539034268883887,SHORT,0.5004,1.5,False,,
2025-11-04 10:30:00,0.21923255023939656,0.7809864597554472,3.5623654375348424,SHORT,0.5004,1.5,False,True,30.0
2025-11-04 10:45:00,0.2462789625404321,0.8048703000661742,3.2681244543331105,SHORT,0.5004,1.5,False,True,15.0
2025-11-04 11:00:00,0.3146964236794199,0.8162213498112029,2.5936785053607236,SHORT,0.5004,1.5,False,,
2025-11-04 13:30:00,0.6610403544508892,0.6410774731947554,1.031139576869938,HOLD,0.5004,1.5,False,,
2025-11-04 13:45:00,0.4437143301639503,0.7203445521531378,1.6234421635356557,SHORT,0.5004,1.5,False,True,15.0
2025-11-04 14:00:00,0.5785663187829777,0.6624599957942424,1.1450026976816352,HOLD,0.5004,1.5,False,,
2025-11-04 14:15:00,0.6666463661752468,0.6664574040772702,1.0002835321459715,HOLD,0.5004,1.5,False,,
2025-11-04 14:30:00,0.8084306775003142,0.6331351279530475,1.2768690944601424,HOLD,0.5004,1.5,False,,
2025-11-04 14:45:00,0.383999542878518,0.7206349422497856,1.8766557294516508,SHORT,0.5004,1.5,False,,
2025-11-04 15:00:00,0.232875021806412,0.8033943783263715,3.4498950213485315,SHORT,0.5004,1.5,False,True,30.0
2025-11-04 15:15:00,0.37733301945417463,0.7466013285141075,1.9786270748160137,SHORT,0.5004,1.5,False,True,15.0
2025-11-04 15:30:00,0.34397837366564554,0.7781788831568115,2.262290140115664,SHORT,0.5004,1.5,False,,
2025-11-04 15:45:00,0.400751009213196,0.7594915580958194,1.8951706686576966,SHORT,0.5004,1.5,False,True,30.0
2025-11-04 16:00:00,0.7088625691524655,0.7346221032253282,1.0363392499390418,HOLD,0.5004,1.5,False,,
2025-11-04 16:15:00,0.4236608933836096,0.8135723108031166,1.9203384676490693,SHORT,0.5004,1.5,False,,
2025-11-04 16:30:00,0.5765977231857649,0.7665188016068579,1.3293822899122087,HOLD,0.5004,1.5,False,,
2025-11-04 16:45:00,0.7885437833776919,0.7997773745303686,1.0142459954532366,HOLD,0.5004,1.5,False,,
2025-11-04 17:00:00,0.8576673924908588,0.7985842030641431,1.0739849213145154,HOLD,0.5004,1.5,False,,
2025-11-04 17:15:00,0.9134954774773792,0.7810485621635629,1.1695757750925608,HOLD,0.5004,1.5,False,,
2025-11-04 17:30:00,0.9025965579238836,0.8111542223191588,1.1127311343375412,HOLD,0.5004,1.5,False,,
2025-11-04 17:45:00,0.8361975359275521,0.8452293155868702,1.0108010120471111,HOLD,0.5004,1.5,False,,
2025-11-04 18:00:00,0.8699494134087081,0.8078863982991071,1.076821463067414,HOLD,0.5004,1.5,False,,
2025-11-04 18:15:00,0.9177202191452131,0.8371253544923529,1.0962757420025036,HOLD,0.5004,1.5,False,,
2025-11-04 18:30:00,0.9194350220494668,0.8381468588255877,1.096985584767066,HOLD,0.5004,1.5,False,,
2025-11-04 18:45:00,0.8930741272435735,0.8513709143874397,1.0489836006273943,HOLD,0.5004,1.5,False,,
2025-11-04 19:00:00,0.8241490844848579,0.8745732097256387,1.0611832569980937,HOLD,0.5004,1.5,False,,
2025-11-04 19:15:00,0.8653375831489298,0.8477740653865548,1.02071721521036,HOLD,0.5004,1.5,False,,
2025-11-04 19:30:00,0.8567971741208171,0.8426601766503109,1.016776629372356,HOLD,0.5004,1.5,False,,
2025-11-04 19:45:00,0.8686790678617301,0.833758952834874,1.0418827466957012,HOLD,0.5004,1.5,False,,
2025-11-04 20:00:00,0.8894355156810173,0.8188968956369709,1.0861385852356646,HOLD,0.5004,1.5,False,,
2025-11-04 20:15:00,0.9310672895365633,0.8423538103894587,1.1053161724360079,HOLD,0.5004,1.5,False,,
2025-11-04 20:30:00,0.9088182716495363,0.844576233318407,1.0760642270014125,HOLD,0.5004,1.5,False,,
2025-11-04 20:45:00,0.8452879751099343,0.8741929730003168,1.034195444323721,HOLD,0.5004,1.5,False,,
2025-11-04 21:00:00,0.8950631525487199,0.8483485612356343,1.0550653274463566,HOLD,0.5004,1.5,False,,
2025-11-04 21:15:00,0.9338332139979117,0.837702058117262,1.1147557833350736,HOLD,0.5004,1.5,False,,
2025-11-04 21:30:00,0.9444700399545922,0.8352672136378729,1.1307399889923895,HOLD,0.5004,1.5,False,,
2025-11-04 21:45:00,0.9456116700130839,0.8311917295510173,1.1376576984516829,HOLD,0.5004,1.5,False,,
2025-11-04 22:00:00,0.9186659970175223,0.8362838439263779,1.0985097986640011,HOLD,0.5004,1.5,False,,
2025-11-04 22:15:00,0.907955210522062,0.8698430813387688,1.0438149477772878,HOLD,0.5004,1.5,False,,
2025-11-04 22:30:00,0.8581676028453046,0.8658876617904411,1.0089959804116821,HOLD,0.5004,1.5,False,,
2025-11-04 22:45:00,0.806232480797045,0.8720281580941277,1.0816088149066343,HOLD,0.5004,1.5,False,,
2025-11-04 23:00:00,0.7826625088853825,0.8782333201226329,1.122109862363736,HOLD,0.5004,1.5,False,,
2025-11-04 23:15:00,0.8146644195854209,0.8357067487877459,1.0258294442428617,HOLD,0.5004,1.5,False,,
2025-11-04 23:30:00,0.8427638437596872,0.8371896522654341,1.0066582183369912,HOLD,0.5004,1.5,False,,
2025-11-04 23:45:00,0.7486118683466989,0.8543050334899319,1.14118553233287,HOLD,0.5004,1.5,False,,
2025-11-05 00:00:00,0.7737672093323066,0.821508889482,1.0617003144794548,HOLD,0.5004,1.5,False,,
2025-11-05 00:15:00,0.34956018710915304,0.8526136770916986,2.4391040757323514,SHORT,0.5004,1.5,False,,
2025-11-05 00:30:00,0.4512196233077397,0.8501361736689855,1.8840851101220342,SHORT,0.5004,1.5,False,True,30.0
2025-11-05 00:45:00,0.6363359567601248,0.8324651052353222,1.3082163539426248,HOLD,0.5004,1.5,False,,
2025-11-05 01:00:00,0.5210087828673383,0.8681633867079231,1.6663123833153863,SHORT,0.5004,1.5,False,,
2025-11-05 01:15:00,0.6231736001452813,0.8272013861926308,1.327401202489618,HOLD,0.5004,1.5,False,,
2025-11-05 01:30:00,0.8926552776860116,0.8099776794594999,1.1020739216933517,HOLD,0.5004,1.5,False,,
2025-11-05 01:45:00,0.9106799749223674,0.8073720820595599,1.1279557408020289,HOLD,0.5004,1.5,False,,
2025-11-05 02:00:00,0.7191560373298653,0.8774904912717645,1.2201670370866589,HOLD,0.5004,1.5,False,,
2025-11-05 02:15:00,0.5173369779466355,0.9293409836814288,1.7963938850265069,SHORT,0.5004,1.5,False,,
2025-11-05 02:45:00,0.35877161565414867,0.9192598705084182,2.562242469578678,SHORT,0.5004,1.5,False,True,30.0
2025-11-05 03:00:00,0.3592084579769566,0.9262714790701982,2.57864607166243,SHORT,0.5004,1.5,False,True,15.0
2025-11-05 03:15:00,0.31379152187693915,0.913418206752219,2.910907857830645,SHORT,0.5004,1.5,False,,
2025-11-05 04:30:00,0.3956879706990189,0.8508073911494395,2.1501977673124877,SHORT,0.5004,1.5,False,True,30.0
2025-11-05 04:45:00,0.2586548841024949,0.8736893764178645,3.3778189785569848,SHORT,0.5004,1.5,False,True,15.0
2025-11-05 05:00:00,0.2633602638626024,0.8636448159037736,3.2793284880453544,SHORT,0.5004,1.5,False,,
2025-11-05 06:30:00,0.15270729329145663,0.8196545672033265,5.3674880193111445,SHORT,0.5004,1.5,False,True,30.0
2025-11-05 06:45:00,0.15362057432825016,0.8135858555513381,5.296073518205323,SHORT,0.5004,1.5,False,True,15.0
2025-11-05 07:00:00,0.10577621717948338,0.8469958805135566,8.007432134544532,SHORT,0.5004,1.5,False,,
2025-11-05 07:15:00,0.1826331885138077,0.8113707780670211,4.4426250489826975,SHORT,0.5004,1.5,False,True,30.0
2025-11-05 07:30:00,0.1844151563080775,0.7955997331685172,4.314177582234164,SHORT,0.5004,1.5,False,True,15.0
2025-11-05 07:45:00,0.18744729147410724,0.7982271695889787,4.258408661504936,SHORT,0.5004,1.5,False,,
2025-11-05 08:00:00,0.18767373794461795,0.7908025094694444,4.213708951130969,SHORT,0.5004,1.5,False,True,30.0
2025-11-05 08:15:00,0.1569317289526402,0.8298269171502631,5.287821160758977,SHORT,0.5004,1.5,False,True,15.0
2025-11-05 08:30:00,0.28707139810207466,0.8048813828868123,2.803767244692969,SHORT,0.5004,1.5,False,,
2025-11-05 09:00:00,0.12061104391503787,0.8143470314678632,6.751844648998431,SHORT,0.5004,1.5,False,True,30.0
2025-11-05 09:15:00,0.08963355646596893,0.8550112032657154,9.538963274210106,SHORT,0.5004,1.5,False,True,15.0
2025-11-05 09:30:00,0.09470337007836704,0.865702118231396,9.141196533080368,SHORT,0.5004,1.5,False,,
2025-11-05 11:00:00,0.16398167117256704,0.8202420119992538,5.002034716038889,SHORT,0.5004,1.5,False,True,30.0
2025-11-05 11:15:00,0.09734181476643057,0.8597817714357429,8.832604708457197,SHORT,0.5004,1.5,False,True,15.0
2025-11-05 11:30:00,0.09131139634245047,0.8646796975974729,9.469570417635648,SHORT,0.5004,1.5,False,,
2025-11-05 12:15:00,0.26040848197230076,0.7105485292924586,2.7285921100221247,SHORT,0.5004,1.5,False,True,30.0
2025-11-05 12:30:00,0.13407721825933883,0.8035644258538835,5.993295776017588,SHORT,0.5004,1.5,False,True,15.0
2025-11-05 12:45:00,0.1265099419283887,0.7641446962589105,6.040194822723551,SHORT,0.5004,1.5,False,,
2025-11-05 13:30:00,0.09598733162640899,0.7373244298288949,7.681476475443921,SHORT,0.5004,1.5,False,True,30.0
2025-11-05 13:45:00,0.07388289649769875,0.7676664766118502,10.39031376681017,SHORT,0.5004,1.5,False,True,15.0
2025-11-05 14:00:00,0.061963450084899126,0.8035890408642057,12.968758837075233,SHORT,0.5004,1.5,False,,
2025-11-05 14:30:00,0.29044288881436425,0.7043088777197228,2.424947915216061,SHORT,0.5004,1.5,False,True,30.0
2025-11-05 14:45:00,0.22389451215818,0.724818179804564,3.2373199897480505,SHORT,0.5004,1.5,False,True,15.0
2025-11-05 15:00:00,0.22742526343620872,0.7574381400925781,3.330492525976713,SHORT,0.5004,1.5,False,,
2025-11-05 15:30:00,0.1420984535493652,0.7727055358872423,5.437818052107114,SHORT,0.5004,1.5,False,True,30.0
2025-11-05 15:45:00,0.07685172321803442,0.8046535793125285,10.470208677425001,SHORT,0.5004,1.5,False,True,15.0
2025-11-05 16:00:00,0.06296709115464245,0.8046310331129468,12.778596221585547,SHORT,0.5004,1.5,False,,
2025-11-05 16:45:00,0.2577477589802312,0.6624441668501123,2.5701258062186314,SHORT,0.5004,1.5,False,True,30.0
2025-11-05 17:00:00,0.16710130864401734,0.7252793179042435,4.340356899593978,SHORT,0.5004,1.5,False,True,15.0
2025-11-05 17:15:00,0.16979719544052255,0.6833300338040583,4.024389401905161,SHORT,0.5004,1.5,False,,
2025-11-05 18:15:00,0.10902929236377856,0.7316623891893707,6.7106955692986014,SHORT,0.5004,1.5,False,True,30.0
2025-11-05 18:30:00,0.08164493211792624,0.741571454120012,9.082884079674432,SHORT,0.5004,1.5,False,True,15.0
2025-11-05 18:45:00,0.06305727130377292,0.7775781443878464,12.331300234067081,SHORT,0.5004,1.5,False,,
2025-11-05 20:00:00,0.09522554644848667,0.766326830812336,8.047492079521845,SHORT,0.5004,1.5,False,True,30.0
2025-11-05 20:15:00,0.14714799200181525,0.7607765579619835,5.170145698981733,SHORT,0.5004,1.5,False,True,15.0
2025-11-05 20:30:00,0.26487069524721707,0.713292556525743,2.6929840458945122,SHORT,0.5004,1.5,False,,
2025-11-05 21:45:00,0.23924228487755447,0.7051654050438836,2.9474948603036086,SHORT,0.5004,1.5,False,True,30.0
2025-11-05 22:00:00,0.2157516156440859,0.7438379743870479,3.447658883881168,SHORT,0.5004,1.5,False,True,15.0
2025-11-05 22:15:00,0.356477470865444,0.7015828444512225,1.9680986928793658,SHORT,0.5004,1.5,False,,
2025-11-06 01:30:00,0.6933535433401238,0.3406547378601732,2.035355643944459,LONG,0.5004,1.5,False,True,30.0
2025-11-06 01:45:00,0.49520831247527175,0.3545060097881972,1.3968968051377701,HOLD,0.5004,1.5,False,,
2025-11-06 02:00:00,0.5439543059585705,0.3505668507276752,1.5516421613437752,LONG,0.5004,1.5,False,,
2025-11-06 05:00:00,0.18001187215805467,0.36241479321601666,2.013282728918057,HOLD,0.5004,1.5,False,,
2025-11-06 05:15:00,0.6695873919850588,0.25447284359649347,2.631272486767957,LONG,0.5004,1.5,False,True,15.0
2025-11-06 05:30:00,0.6975218901622163,0.1831312892847459,3.808862444460042,LONG,0.5004,1.5,False,,
2025-11-06 07:15:00,0.8171761061798158,0.23559410051238114,3.46857626911108,LONG,0.5004,1.5,False,True,30.0
2025-11-06 07:30:00,0.7618459579371047,0.26573701736256533,2.8669169447990757,LONG,0.5004,1.5,False,True,15.0
2025-11-06 07:45:00,0.8259805116408405,0.23936309748441953,3.4507429103377336,LONG,0.5004,1.5,False,,
2025-11-06 09:45:00,0.1968508827313261,0.523757419499851,2.6606810811953867,SHORT,0.5004,1.5,False,True,30.0
2025-11-06 10:00:00,0.3159132811269152,0.42143827812033974,1.3340315311119537,HOLD,0.5004,1.5,False,,
2025-11-06 10:15:00,0.4587590388350176,0.3995811040551242,1.1480999331032669,HOLD,0.5004,1.5,False,,
2025-11-06 10:30:00,0.22552890178471896,0.5389574789079781,2.389749050533868,SHORT,0.5004,1.5,False,,
2025-11-06 12:00:00,0.29068042691250356,0.46233583148676294,1.5905296286974582,HOLD,0.5004,1.5,False,,
2025-11-06 12:15:00,0.1830775887519687,0.6106859456112784,3.3356674062308542,SHORT,0.5004,1.5,False,True,15.0
2025-11-06 12:30:00,0.2941731650502007,0.5063681882632183,1.7213269204103185,SHORT,0.5004,1.5,False,,
2025-11-06 13:15:00,0.244827241485153,0.5314125835440754,2.1705614960184145,SHORT,0.5004,1.5,False,True,30.0
2025-11-06 13:30:00,0.058887384138342595,0.8547712164303742,14.515353822174925,SHORT,0.5004,1.5,False,True,15.0
2025-11-06 13:45:00,0.04644705098371367,0.8374643463605943,18.03051708609542,SHORT,0.5004,1.5,False,,
2025-11-06 14:00:00,0.04369043848974257,0.8412707112640029,19.255259053110954,SHORT,0.5004,1.5,False,True,30.0
2025-11-06 14:15:00,0.08458868031827502,0.673010568885863,7.95627223824252,SHORT,0.5004,1.5,False,True,15.0
2025-11-06 14:30:00,0.15544331939133366,0.5709846700983807,3.673266064660573,SHORT,0.5004,1.5,False,,
2025-11-06 15:15:00,0.2750075121464304,0.5791398942888413,2.1059057251515103,SHORT,0.5004,1.5,False,True,30.0
2025-11-06 15:30:00,0.3873514026865789,0.45493360952253153,1.1744726012794022,HOLD,0.5004,1.5,False,,
2025-11-06 15:45:00,0.6714292925917376,0.3798167769497831,1.7677715502296245,LONG,0.5004,1.5,False,,
2025-11-06 16:00:00,0.6493069384267477,0.3692591423986188,1.758404502076795,LONG,0.5004,1.5,False,True,30.0
2025-11-06 16:15:00,0.32143075540600846,0.60395372495835,1.878954377578084,SHORT,0.5004,1.5,False,True,15.0
2025-11-06 16:30:00,0.2688497741884185,0.6056731597094174,2.2528312011336946,SHORT,0.5004,1.5,False,,
2025-11-06 17:00:00,0.3342401749071378,0.5867506408621534,1.755476106441037,SHORT,0.5004,1.5,False,True,30.0
2025-11-06 17:15:00,0.23982803184047777,0.6323416204402434,2.6366459983328685,SHORT,0.5004,1.5,False,True,15.0
2025-11-06 17:30:00,0.16362079988158384,0.6645230820582712,4.061360673821433,SHORT,0.5004,1.5,False,,
2025-11-06 18:15:00,0.11868281944937016,0.5998853862027909,5.054525911888205,SHORT,0.5004,1.5,False,True,30.0
2025-11-06 18:30:00,0.23772153843997987,0.5514926960301936,2.319910512313275,SHORT,0.5004,1.5,False,True,15.0
2025-11-06 18:45:00,0.08644088784151605,0.7056480005032463,8.163359008956592,SHORT,0.5004,1.5,False,,
2025-11-06 19:30:00,0.12156666422009171,0.6196178629258849,5.096938925658854,SHORT,0.5004,1.5,False,True,30.0
2025-11-06 19:45:00,0.18988604705432333,0.5868221023378658,3.090390849886856,SHORT,0.5004,1.5,False,True,15.0
2025-11-06 20:00:00,0.18837203583963646,0.5942373818269993,3.154594466096237,SHORT,0.5004,1.5,False,,
2025-11-06 21:30:00,0.5674152481410091,0.2766864879384091,2.050751564952882,LONG,0.5004,1.5,False,True,30.0
2025-11-06 21:45:00,0.43140741238693964,0.3101761921331146,1.3908463103505948,HOLD,0.5004,1.5,False,,
2025-11-06 22:00:00,0.3192458065333833,0.406820365062507,1.2743170207310652,HOLD,0.5004,1.5,False,,
2025-11-06 22:15:00,0.4186294893669581,0.28600098065053725,1.4637344543880384,HOLD,0.5004,1.5,False,,
2025-11-06 22:30:00,0.6180346472370919,0.2746240077970493,2.250475667421719,LONG,0.5004,1.5,False,,
2025-11-06 23:00:00,0.5026568813140436,0.27303831556341435,1.8409756164691082,LONG,0.5004,1.5,False,True,30.0
2025-11-06 23:15:00,0.6603681846556174,0.3424623698408584,1.9282941508653613,LONG,0.5004,1.5,False,True,15.0
2025-11-06 23:30:00,0.725598436791187,0.3760214855353947,1.9296728104726524,LONG,0.5004,1.5,False,,
2025-11-07 00:15:00,0.16997868778491312,0.6634052124821487,3.9028728902861363,SHORT,0.5004,1.5,False,True,30.0
2025-11-07 00:30:00,0.2769178962763254,0.5592722881963811,2.0196321571008378,SHORT,0.5004,1.5,False,True,15.0
2025-11-07 00:45:00,0.1407359173817687,0.7120945970597113,5.0597929107751565,SHORT,0.5004,1.5,False,,
2025-11-07 01:00:00,0.10409204560988528,0.7688386198900515,7.386141903402439,SHORT,0.5004,1.5,False,True,30.0
2025-11-07 01:15:00,0.13649665644225242,0.6088850236339947,4.4608054109486215,SHORT,0.5004,1.5,False,True,15.0
2025-11-07 01:30:00,0.10466023434137206,0.7258713232537981,6.935502560468299,SHORT,0.5004,1.5,False,,
2025-11-07 02:00:00,0.09940822368932659,0.7510530968342138,7.555241095358734,SHORT,0.5004,1.5,False,True,30.0
2025-11-07 02:15:00,0.10464682997829655,0.7151426876059346,6.833868620332342,SHORT,0.5004,1.5,False,True,15.0
2025-11-07 02:30:00,0.17200500840492708,0.6809134093374102,3.9586836200399,SHORT,0.5004,1.5,False,,
2025-11-07 05:00:00,0.47565358819869946,0.3248905139617011,1.4640427090301895,HOLD,0.5004,1.5,False,,
2025-11-07 05:15:00,0.1715050382900385,0.5021501195888372,2.927903020199515,SHORT,0.5004,1.5,False,True,15.0
2025-11-07 05:30:00,0.244039704832293,0.43722317934529664,1.7916067372961364,HOLD,0.5004,1.5,False,,
2025-11-07 05:45:00,0.20941888390151173,0.5020597307148361,2.397394739965052,SHORT,0.5004,1.5,False,,
2025-11-07 07:45:00,0.34285563188583756,0.40797117248069276,1.1899211637174945,HOLD,0.5004,1.5,False,,
2025-11-07 08:00:00,0.09429128405737335,0.5226227899355645,5.542641561838999,SHORT,0.5004,1.5,False,True,15.0
2025-11-07 08:15:00,0.13483895661597814,0.48409449140847904,3.5901678829151873,HOLD,0.5004,1.5,False,,
2025-11-07 08:30:00,0.29787452686262933,0.4187161016986814,1.4056794520458626,HOLD,0.5004,1.5,False,,
2025-11-07 08:45:00,0.3935591465600137,0.334940470889559,1.175012220872476,HOLD,0.5004,1.5,False,,
2025-11-07 09:00:00,0.34726331441228325,0.3701874526266663,1.0660137056319363,HOLD,0.5004,1.5,False,,
2025-11-07 09:15:00,0.35638430454659886,0.35118638425110055,1.0148010302466104,HOLD,0.5004,1.5,False,,
2025-11-07 09:30:00,0.7210268174390874,0.287374713024177,2.5090127445500987,LONG,0.5004,1.5,False,,
2025-11-07 10:15:00,0.742565666625762,0.27823302324019633,2.6688624447886293,LONG,0.5004,1.5,False,True,30.0
2025-11-07 10:30:00,0.8306823748914667,0.26493385573731804,3.135433078492952,LONG,0.5004,1.5,False,True,15.0
2025-11-07 10:45:00,0.6874352700228749,0.33437539563963686,2.055878748817206,LONG,0.5004,1.5,False,,
2025-11-07 11:00:00,0.875171620517365,0.2546122217878688,3.4372726272602803,LONG,0.5004,1.5,False,True,30.0
2025-11-07 11:15:00,0.9541848072677654,0.3501273181282784,2.725250952621111,LONG,0.5004,1.5,False,True,15.0
2025-11-07 11:30:00,0.9555141514697433,0.3521784799854496,2.713153147543884,LONG,0.5004,1.5,False,,
2025-11-07 11:45:00,0.9443620205738192,0.3512675527075649,2.688440800451654,LONG,0.5004,1.5,False,True,30.0
2025-11-07 12:00:00,0.7954659797541526,0.4319751194093582,1.841462491732851,LONG,0.5004,1.5,False,True,15.0
2025-11-07 12:15:00,0.7855021043399678,0.4977543432689409,1.5780919141383651,LONG,0.5004,1.5,False,,
2025-11-07 13:15:00,0.9059395316301875,0.48658527746596714,1.861830954582367,LONG,0.5004,1.5,False,True,30.0
2025-11-07 13:30:00,0.9065653064906297,0.5049484023465094,1.7953622633080832,LONG,0.5004,1.5,False,True,15.0
2025-11-07 13:45:00,0.887654452517751,0.4869373659264256,1.8229335323834488,LONG,0.5004,1.5,False,,
2025-11-07 14:15:00,0.8566448373865349,0.40188996752802836,2.131540736524584,LONG,0.5004,1.5,False,True,30.0
2025-11-07 14:30:00,0.8609088731614395,0.3921606289144002,2.1952965435226197,LONG,0.5004,1.5,False,True,15.0
2025-11-07 14:45:00,0.3588267190649243,0.6990426194386192,1.948134245020193,SHORT,0.5004,1.5,False,,
2025-11-07 15:00:00,0.16922284568732254,0.7707335562926065,4.554547899027245,SHORT,0.5004,1.5,False,True,30.0
2025-11-07 15:15:00,0.17981506369467704,0.6583249515270692,3.6611223665048103,SHORT,0.5004,1.5,False,True,15.0
2025-11-07 15:30:00,0.21175356593601272,0.6378059855363902,3.0120200465909566,SHORT,0.5004,1.5,False,,
2025-11-07 15:45:00,0.2953335327727407,0.6094067629150248,2.063452657047121,SHORT,0.5004,1.5,False,True,30.0
2025-11-07 16:00:00,0.12134924345361203,0.7357744995884982,6.0632804840663175,SHORT,0.5004,1.5,False,True,15.0
2025-11-07 16:15:00,0.3279869359906681,0.6441822455702876,1.9640484875550528,SHORT,0.5004,1.5,False,,
2025-11-07 16:45:00,0.08702742767579486,0.8270207547125454,9.502989767702472,SHORT,0.5004,1.5,False,True,30.0
2025-11-07 17:00:00,0.0799487452490442,0.8281260385606337,10.35821182660192,SHORT,0.5004,1.5,False,True,15.0
2025-11-07 17:15:00,0.05423726975696471,0.8701976084074563,16.044273841710343,SHORT,0.5004,1.5,False,,
2025-11-07 17:45:00,0.04437552794280191,0.8911934970540359,20.08299480296313,SHORT,0.5004,1.5,False,True,30.0
2025-11-07 18:00:00,0.04642222293632997,0.8942129148881062,19.262604380547582,SHORT,0.5004,1.5,False,True,15.0
2025-11-07 18:15:00,0.038432572397094925,0.8966046245332903,23.329289938475824,SHORT,0.5004,1.5,False,,
2025-11-07 19:00:00,0.031144619903729368,0.8819868233510502,28.31907488604277,SHORT,0.5004,1.5,False,True,30.0
2025-11-07 19:15:00,0.02812730192616303,0.8941455959857262,31.789241582180455,SHORT,0.5004,1.5,False,True,15.0
2025-11-07 19:30:00,0.025875512349595214,0.8920147759365041,34.473318397904436,SHORT,0.5004,1.5,False,,
2025-11-07 20:30:00,0.39952170090478656,0.5866134959612564,1.468289443684205,HOLD,0.5004,1.5,False,,
2025-11-07 20:45:00,0.35053469073172333,0.6156291816442593,1.7562575058096666,SHORT,0.5004,1.5,False,True,15.0
2025-11-07 21:00:00,0.44976051607901174,0.588397427386167,1.3082460695211409,HOLD,0.5004,1.5,False,,
2025-11-07 21:15:00,0.2607242542079023,0.6012326561033021,2.306009688012675,SHORT,0.5004,1.5,False,,
2025-11-08 00:45:00,0.31233127099156716,0.1883131765198193,1.6585736418645955,HOLD,0.5004,1.5,False,,
2025-11-08 01:00:00,0.4710622216180323,0.17032566515712724,2.7656561398628465,HOLD,0.5004,1.5,False,,
2025-11-08 01:15:00,0.3760098649619331,0.20619113152205765,1.823598630000771,HOLD,0.5004,1.5,False,,
2025-11-08 01:30:00,0.304439844053684,0.3142601861833994,1.0322570856657767,HOLD,0.5004,1.5,False,,
2025-11-08 01:45:00,0.3699660959366928,0.20198034192138392,1.8316935817481355,HOLD,0.5004,1.5,False,,
2025-11-08 02:00:00,0.31493723854922645,0.22758157580446556,1.3838432985445863,HOLD,0.5004,1.5,False,,
2025-11-08 02:15:00,0.3529911558370615,0.226108743217595,1.5611565957772877,HOLD,0.5004,1.5,False,,
2025-11-08 02:30:00,0.27946303555764035,0.35219220761569564,1.2602461249049683,HOLD,0.5004,1.5,False,,
2025-11-08 02:45:00,0.24602519334649114,0.44283509776499885,1.7999583365486038,HOLD,0.5004,1.5,False,,
2025-11-08 03:00:00,0.2683768051057479,0.3345568665323317,1.2465938194640442,HOLD,0.5004,1.5,False,,
2025-11-08 03:15:00,0.2662736302580242,0.3565031758920347,1.3388602376682075,HOLD,0.5004,1.5,False,,
2025-11-08 03:30:00,0.2550389222727312,0.2968577280911313,1.1639702891062262,HOLD,0.5004,1.5,False,,
2025-11-08 03:45:00,0.345561406045908,0.27932471939071946,1.237131489112987,HOLD,0.5004,1.5,False,,
2025-11-08 04:00:00,0.5250002115274258,0.2501887675594961,2.098416394343436,LONG,0.5004,1.5,False,,
2025-11-08 05:00:00,0.563766566692833,0.22040672354139904,2.5578465013883327,LONG,0.5004,1.5,False,True,30.0
2025-11-08 05:15:00,0.6158075529208288,0.1539343486138346,4.000455768748965,LONG,0.5004,1.5,False,True,15.0
2025-11-08 05:30:00,0.579711394899279,0.14426175287795534,4.018469090623845,LONG,0.5004,1.5,False,,
2025-11-08 07:15:00,0.9373778188916562,0.1194418175334811,7.847986896456067,LONG,0.5004,1.5,False,True,30.0
2025-11-08 07:30:00,0.9446097724639777,0.12972719821889883,7.281509085473841,LONG,0.5004,1.5,False,True,15.0
2025-11-08 07:45:00,0.9398338872249997,0.1003580609689976,9.364807153013162,LONG,0.5004,1.5,False,,
2025-11-08 08:15:00,0.27119181905037126,0.26493337170325193,1.0236227218446807,HOLD,0.5004,1.5,False,,
2025-11-08 08:30:00,0.30415866883100023,0.33272938189419704,1.0939335813541173,HOLD,0.5004,1.5,False,,
2025-11-08 08:45:00,0.24208388416742663,0.3939111943024841,1.6271681845209194,HOLD,0.5004,1.5,False,,
2025-11-08 09:00:00,0.2738355110187439,0.36893912525389855,1.3473019765820102,HOLD,0.5004,1.5,False,,
2025-11-08 09:15:00,0.31267895700594134,0.3242083014881917,1.0368727866839829,HOLD,0.5004,1.5,False,,
2025-11-08 09:30:00,0.16531174632715118,0.501836025963503,3.035694904404263,SHORT,0.5004,1.5,False,,
2025-11-08 14:00:00,0.5319010801710378,0.17451369064122615,3.047904598296223,LONG,0.5004,1.5,False,True,30.0
2025-11-08 14:15:00,0.6723150197331449,0.22824071712271757,2.945640147860485,LONG,0.5004,1.5,False,True,15.0
2025-11-08 14:30:00,0.644142214028589,0.22197050461101167,2.9019270607930756,LONG,0.5004,1.5,False,,
2025-11-08 15:15:00,0.6669235473848424,0.14783052667938168,4.511406151121154,LONG,0.5004,1.5,False,True,30.0
2025-11-08 15:30:00,0.7357320344126713,0.15032964751343925,4.894124655929217,LONG,0.5004,1.5,False,True,15.0
2025-11-08 15:45:00,0.7466167389226193,0.13696074484770657,5.4513192064837215,LONG,0.5004,1.5,False,,
2025-11-08 16:45:00,0.12780239202192142,0.4070363269791994,3.1848881741539086,HOLD,0.5004,1.5,False,,
2025-11-08 17:00:00,0.13340026805028368,0.4033726625842784,3.02377700194899,HOLD,0.5004,1.5,False,,
2025-11-08 17:15:00,0.22499481130617388,0.33036645565632816,1.4683292194092605,HOLD,0.5004,1.5,False,,
2025-11-08 17:30:00,0.13145086088691138,0.438784939688837,3.3380149565268233,HOLD,0.5004,1.5,False,,
2025-11-08 17:45:00,0.11810357782419317,0.4966452963798088,4.205167239887566,HOLD,0.5004,1.5,False,,
2025-11-08 18:00:00,0.09729679690987882,0.5332672815293014,5.480830802921912,SHORT,0.5004,1.5,False,,
2025-11-08 18:45:00,0.11052634945301536,0.5979868311172074,5.410355395582942,SHORT,0.5004,1.5,False,True,30.0
2025-11-08 19:00:00,0.08660338229222761,0.6660468919385126,7.690772280591267,SHORT,0.5004,1.5,False,True,15.0
2025-11-08 19:15:00,0.11787153088318057,0.5597495014461003,4.7488099734689415,SHORT,0.5004,1.5,False,,
2025-11-09 04:00:00,0.09313220215370435,0.09907180908161924,1.0637760816405073,HOLD,0.5004,1.5,False,,
2025-11-09 04:15:00,0.08278995611599117,0.14674992850736268,1.772557148137169,HOLD,0.5004,1.5,False,,
2025-11-09 04:30:00,0.044665810904081484,0.2677125104663889,5.993678499228272,HOLD,0.5004,1.5,False,,
2025-11-09 04:45:00,0.061035107110688935,0.16265858159077273,2.6650003463709284,HOLD,0.5004,1.5,False,,
2025-11-09 05:00:00,0.03899093846760461,0.1789183637108472,4.588716526007715,HOLD,0.5004,1.5,False,,
2025-11-09 05:15:00,0.028675719865686237,0.21792793158530097,7.599737080918988,HOLD,0.5004,1.5,False,,
2025-11-09 05:30:00,0.022277779141270177,0.3065742066161153,13.761434866197161,HOLD,0.5004,1.5,False,,
2025-11-09 05:45:00,0.02212181737021793,0.318387160354455,14.392450449531871,HOLD,0.5004,1.5,False,,
2025-11-09 06:00:00,0.019546744589892733,0.34107365117038413,17.44912814519238,HOLD,0.5004,1.5,False,,
2025-11-09 06:15:00,0.02855678105650235,0.2690908943887973,9.423012133488538,HOLD,0.5004,1.5,False,,
2025-11-09 06:30:00,0.02561470944217632,0.28451624629729244,11.107533620069786,HOLD,0.5004,1.5,False,,
2025-11-09 06:45:00,0.020319726757823283,0.385940161424327,18.99337358341871,HOLD,0.5004,1.5,False,,
2025-11-09 07:00:00,0.035425108996006725,0.2900805352302471,8.188557310097375,HOLD,0.5004,1.5,False,,
2025-11-09 07:15:00,0.03668406319486472,0.31749874843146575,8.654950427517292,HOLD,0.5004,1.5,False,,
2025-11-09 07:30:00,0.06062538144032672,0.2786022424157766,4.595471992040223,HOLD,0.5004,1.5,False,,
2025-11-09 07:45:00,0.036674615769038806,0.4055362782169106,11.057683078966832,HOLD,0.5004,1.5,False,,
2025-11-09 08:00:00,0.03957417727826798,0.40133758594510044,10.141400618971138,HOLD,0.5004,1.5,False,,
2025-11-09 08:15:00,0.053150407190000803,0.1709445997940916,3.216242524408194,HOLD,0.5004,1.5,False,,
2025-11-09 08:30:00,0.1357806522463847,0.1303060906624784,1.0420130905322502,HOLD,0.5004,1.5,False,,
2025-11-09 08:45:00,0.08612273930752808,0.14980296980537772,1.7394125060335057,HOLD,0.5004,1.5,False,,
2025-11-09 09:00:00,0.1080924714374613,0.1449876676880324,1.341329935007707,HOLD,0.5004,1.5,False,,
2025-11-09 09:15:00,0.11584920689025789,0.1370755611975891,1.1832239933022468,HOLD,0.5004,1.5,False,,
2025-11-09 09:30:00,0.11387755775105605,0.13258764789817085,1.1643000650577378,HOLD,0.5004,1.5,False,,
2025-11-09 09:45:00,0.15872773782686772,0.10948672220996891,1.4497441755765281,HOLD,0.5004,1.5,False,,
2025-11-09 10:00:00,0.20987149019487294,0.08435785097031254,2.487871464017398,HOLD,0.5004,1.5,False,,
2025-11-09 10:15:00,0.26364088598318386,0.06988003464600044,3.772764099484791,HOLD,0.5004,1.5,False,,
2025-11-09 10:30:00,0.2818264138210475,0.0618662466840968,4.555414768575143,HOLD,0.5004,1.5,False,,
2025-11-09 10:45:00,0.287814324384828,0.059378551076112715,4.847109253573759,HOLD,0.5004,1.5,False,,
2025-11-09 11:00:00,0.18013719362625263,0.08980066196356634,2.005967324598758,HOLD,0.5004,1.5,False,,
2025-11-09 11:15:00,0.07448582961744682,0.2175908574471989,2.9212382887420048,HOLD,0.5004,1.5,False,,
2025-11-09 11:30:00,0.09704550746883216,0.13747010871057072,1.416553040899102,HOLD,0.5004,1.5,False,,
2025-11-09 11:45:00,0.09773128864883011,0.17518921080245167,1.792560123011831,HOLD,0.5004,1.5,False,,
2025-11-09 12:00:00,0.08955954457621933,0.1642092803803852,1.8335207169419614,HOLD,0.5004,1.5,False,,
2025-11-09 12:15:00,0.07512978856922634,0.15606834009487727,2.0773163756619955,HOLD,0.5004,1.5,False,,
2025-11-09 12:30:00,0.03673868671044082,0.18365334536960215,4.99890882918821,HOLD,0.5004,1.5,False,,
2025-11-09 12:45:00,0.03109379658214426,0.16895063244051742,5.433580038840867,HOLD,0.5004,1.5,False,,
2025-11-09 13:00:00,0.03336790974145965,0.18433426402740588,5.524297609759188,HOLD,0.5004,1.5,False,,
2025-11-09 13:15:00,0.018935994568393403,0.31227353388574625,16.49100250625181,HOLD,0.5004,1.5,False,,
2025-11-09 13:30:00,0.03732600209674905,0.2692020111183068,7.212184428981567,HOLD,0.5004,1.5,False,,
2025-11-09 13:45:00,0.015141527085412897,0.3476902185841254,22.96269171681399,HOLD,0.5004,1.5,False,,
2025-11-09 14:00:00,0.017197449927916136,0.3311834539569135,19.25770712199096,HOLD,0.5004,1.5,False,,
2025-11-09 14:15:00,0.014928702125005746,0.35734887632114076,23.93703574020526,HOLD,0.5004,1.5,False,,
2025-11-09 14:30:00,0.010341622177635226,0.7071054516347527,68.37471331760095,SHORT,0.5004,1.5,False,,
2025-11-09 14:45:00,0.011568829024674437,0.593621437714841,51.31214545990287,SHORT,0.5004,1.5,False,True,30.0
2025-11-09 15:00:00,0.05242359263217035,0.3988753524886129,7.608699298564257,HOLD,0.5004,1.5,False,,
2025-11-09 15:15:00,0.01851252535433168,0.5636999691766185,30.44965278303969,SHORT,0.5004,1.5,False,,
2025-11-09 16:30:00,0.23385044682268102,0.37000416210176296,1.5822255938741976,HOLD,0.5004,1.5,False,,
2025-11-09 16:45:00,0.22657278534039266,0.4128476081132881,1.822141205057106,HOLD,0.5004,1.5,False,,
2025-11-09 17:00:00,0.20321515007792498,0.4739320398092639,2.3321688349885807,HOLD,0.5004,1.5,False,,
2025-11-09 17:15:00,0.25568491090973905,0.3890916718603518,1.521762353812531,HOLD,0.5004,1.5,False,,
2025-11-09 17:30:00,0.30370254071815594,0.3651998336032865,1.2024918617398124,HOLD,0.5004,1.5,False,,
2025-11-09 17:45:00,0.49446038142295284,0.3403066054573636,1.4529849655971574,HOLD,0.5004,1.5,False,,
2025-11-09 18:00:00,0.32914277807311154,0.31806590566836057,1.0348257144426556,HOLD,0.5004,1.5,False,,
2025-11-09 18:15:00,0.2784719536939541,0.2855139943746633,1.025288150520352,HOLD,0.5004,1.5,False,,
2025-11-09 18:30:00,0.279658824488362,0.28074079720693873,1.0038689024762806,HOLD,0.5004,1.5,False,,
2025-11-09 18:45:00,0.16349638026603225,0.3190851409028127,1.9516342831787166,HOLD,0.5004,1.5,False,,
2025-11-09 19:00:00,0.1089065643925174,0.41027929394859397,3.767259542499927,HOLD,0.5004,1.5,False,,
2025-11-09 19:15:00,0.19509617687446726,0.3937415396148229,2.018191980605402,HOLD,0.5004,1.5,False,,
2025-11-09 19:30:00,0.08992738570925238,0.48087487724117584,5.347368584647957,HOLD,0.5004,1.5,False,,
2025-11-09 19:45:00,0.08088042655615046,0.4789825573422495,5.922107211065713,HOLD,0.5004,1.5,False,,
2025-11-09 20:00:00,0.0758280195420944,0.4959395349147906,6.540320292019229,HOLD,0.5004,1.5,False,,
2025-11-09 20:15:00,0.3211922496796067,0.4598633987637979,1.4317387770798249,HOLD,0.5004,1.5,False,,
2025-11-09 20:30:00,0.29415906712836165,0.45107070256240483,1.5334244392526983,HOLD,0.5004,1.5,False,,
2025-11-09 20:45:00,0.2594602514930907,0.44560908391454473,1.7174464348594491,HOLD,0.5004,1.5,False,,
2025-11-09 21:00:00,0.25850121554231853,0.4375775020671323,1.6927483344676872,HOLD,0.5004,1.5,False,,
2025-11-09 21:15:00,0.3399067648984157,0.4399534924255923,1.2943357939847902,HOLD,0.5004,1.5,False,,
2025-11-09 21:30:00,0.27372722508245056,0.46684895533580434,1.7055262047652833,HOLD,0.5004,1.5,False,,
2025-11-09 21:45:00,0.2714386977214461,0.39875154742109603,1.4690298427171946,HOLD,0.5004,1.5,False,,
2025-11-09 22:00:00,0.3514107065505763,0.36296173550034977,1.0328704525344647,HOLD,0.5004,1.5,False,,
2025-11-09 22:15:00,0.3213515840263738,0.4338908037845448,1.3502058970679751,HOLD,0.5004,1.5,False,,
2025-11-09 22:30:00,0.34862534767610226,0.3738295652707902,1.0722959984484675,HOLD,0.5004,1.5,False,,
