symbol,orderType,orderLinkId,slLimitPrice,orderId,cancelType,avgPrice,stopOrderType,lastPriceOnCreated,orderStatus,createType,takeProfit,cumExecValue,tpslMode,smpType,triggerDirection,blockTradeId,cumFeeDetail,rejectReason,isLeverage,price,orderIv,createdTime,tpTriggerBy,positionIdx,timeInForce,leavesValue,updatedTime,side,smpGroup,triggerPrice,tpLimitPrice,cumExecFee,slTriggerBy,leavesQty,closeOnTrigger,slippageToleranceType,placeType,cumExecQty,reduceOnly,qty,stopLoss,smpOrderId,slippageTolerance,triggerBy,extraFees,createdTime_readable,updatedTime_readable
ICPUSDT,Market,,0,46a93ca6-1538-42cc-b92f-421095300bab,UNKNOWN,4.658,,4.658,Filled,CreateByUser,,12.5766,,None,0,,{'USDT': '0.00691713'},EC_NoError,,4.891,,1763682278749,,2,IOC,0,1763682278753,Buy,0,,0,0.00691713,,0,False,UNKNOWN,,2.7,True,2.7,,,0,,,2025-11-20 23:44:38,2025-11-20 23:44:38
ICPUSDT,Market,,0,95f74565-f84e-4760-94f1-503c71fccf1d,CancelByTpSlTsClear,,StopLoss,4.749,Deactivated,CreateByStopLoss,,0,Full,None,1,,{},EC_NoError,,0,,1763679652140,,2,IOC,0,1763682278753,Buy,0,4.839,0,0,,0,True,UNKNOWN,,0,True,2.7,,,0,MarkPrice,,2025-11-20 23:00:52,2025-11-20 23:44:38
ICPUSDT,Market,,0,0b11a406-e849-43c6-92b2-12d43b406abb,CancelByTpSlTsClear,,TakeProfit,4.749,Deactivated,CreateByTakeProfit,,0,Full,None,2,,{},EC_NoError,,0,,1763679652140,,2,IOC,0,1763682278753,Buy,0,4.655,0,0,,0,True,UNKNOWN,,0,True,2.7,,,0,MarkPrice,,2025-11-20 23:00:52,2025-11-20 23:44:38
ICPUSDT,Limit,,0,917b6ec4-32b5-4571-9c92-9564b006f4c5,CancelByUser,,,4.744,Cancelled,CreateByUser,,0,,None,0,,{},EC_PerCancelRequest,,4.801,,1763678868246,,2,GTC,0,1763715124686,Sell,0,,0,0,,0,False,UNKNOWN,,0,False,2.7,,,0,,,2025-11-20 22:47:48,2025-11-21 08:52:04
ICPUSDT,Limit,,0,4fee6397-f5db-429f-acf2-5531501d1f12,CancelByUser,,,4.744,Cancelled,CreateByUser,,0,,None,0,,{},EC_PerCancelRequest,,4.773,,1763678868051,,2,GTC,0,1763715124986,Sell,0,,0,0,,0,False,UNKNOWN,,0,False,2.7,,,0,,,2025-11-20 22:47:48,2025-11-21 08:52:04
ICPUSDT,Limit,,0,8f2b7d69-6b42-4eb6-8aa9-b3d55765068d,UNKNOWN,4.75,,4.744,Filled,CreateByUser,4.655,12.825,Full,None,0,,{'USDT': '0.002565'},EC_NoError,,4.75,,1763678867852,MarkPrice,2,GTC,0,1763679652140,Sell,0,,0,0.002565,MarkPrice,0,False,UNKNOWN,,2.7,False,2.7,4.839,,0,,,2025-11-20 22:47:47,2025-11-20 23:00:52
ICPUSDT,Market,,0,8404bc21-9422-434b-b5b8-9be26506554b,CancelByTpSlTsClear,,TakeProfit,4.704,Deactivated,CreateByTakeProfit,,0,Full,None,1,,{},EC_NoError,,0,,1763660851634,,1,IOC,0,1763669395158,Sell,0,4.801,0,0,,0,True,UNKNOWN,,0,True,7.8,,,0,MarkPrice,,2025-11-20 17:47:31,2025-11-20 20:09:55
ICPUSDT,Market,,0,98841e58-a897-4d10-b22e-fa458c7773fd,UNKNOWN,4.617,StopLoss,4.618,Filled,CreateByStopLoss,,36.0126,Full,None,2,,{'USDT': '0.01980693'},EC_NoError,,4.451,,1763660851634,,1,IOC,0,1763669395158,Sell,0,4.624,0,0.01980693,,0,True,UNKNOWN,,7.8,True,7.8,,,0,MarkPrice,,2025-11-20 17:47:31,2025-11-20 20:09:55
ICPUSDT,Limit,,0,af71fddd-2f03-4218-b6ff-57b09d7c7f98,UNKNOWN,4.661,,4.719,Filled,CreateByUser,,12.1186,,None,0,,{'USDT': '0.00242372'},EC_NoError,,4.661,,1763659963144,,1,GTC,0,1763661845888,Buy,0,,0,0.00242372,,0,False,UNKNOWN,,2.6,False,2.6,,,0,,,2025-11-20 17:32:43,2025-11-20 18:04:05
ICPUSDT,Limit,,0,3e2bf153-c200-4684-bdff-7e2556d3a133,UNKNOWN,4.689,,4.719,Filled,CreateByUser,,12.1914,,None,0,,{'USDT': '0.00243828'},EC_NoError,,4.689,,1763659962934,,1,GTC,0,1763660967016,Buy,0,,0,0.00243828,,0,False,UNKNOWN,,2.6,False,2.6,,,0,,,2025-11-20 17:32:42,2025-11-20 17:49:27
ICPUSDT,Limit,,0,b7ab0c63-f717-4be4-badd-411a918be0b6,UNKNOWN,4.703,,4.719,Filled,CreateByUser,4.801,12.2278,Full,None,0,,{'USDT': '0.00244556'},EC_NoError,,4.703,,1763659962736,MarkPrice,1,GTC,0,1763660851634,Buy,0,,0,0.00244556,MarkPrice,0,False,UNKNOWN,,2.6,False,2.6,4.624,,0,,,2025-11-20 17:32:42,2025-11-20 17:47:31
ICPUSDT,Market,,0,f4ef2485-93ca-4955-88d4-343992bf061f,UNKNOWN,4.677,StopLoss,4.676,Filled,CreateByStopLoss,,40.6899,Full,None,2,,{'USDT': '0.02237945'},EC_NoError,,4.547,,1763654364176,,1,IOC,0,1763658915156,Sell,0,4.68,0,0.02237945,,0,True,UNKNOWN,,8.7,True,8.7,,,0,MarkPrice,,2025-11-20 15:59:24,2025-11-20 17:15:15
ICPUSDT,Market,,0,dcdd8ce6-efdc-4248-aed8-206f501dad23,CancelByTpSlTsClear,,TakeProfit,4.835,Deactivated,CreateByTakeProfit,,0,Full,None,1,,{},EC_NoError,,0,,1763654364175,,1,IOC,0,1763658915156,Sell,0,4.905,0,0,,0,True,UNKNOWN,,0,True,8.7,,,0,MarkPrice,,2025-11-20 15:59:24,2025-11-20 17:15:15
ICPUSDT,Limit,,0,7e0f2f03-a813-4838-a151-d308545bf9d7,UNKNOWN,4.718,,4.864,Filled,CreateByUser,,13.6822,,None,0,,{'USDT': '0.00273644'},EC_NoError,,4.718,,1763653756199,,1,GTC,0,1763655688461,Buy,0,,0,0.00273644,,0,False,UNKNOWN,,2.9,False,2.9,,,0,,,2025-11-20 15:49:16,2025-11-20 16:21:28
ICPUSDT,Limit,,0,2bd72644-ae90-4dd8-a252-dff275e4cc87,UNKNOWN,4.805,,4.864,Filled,CreateByUser,,13.9345,,None,0,,{'USDT': '0.0027869'},EC_NoError,,4.805,,1763653755999,,1,GTC,0,1763654857611,Buy,0,,0,0.0027869,,0,False,UNKNOWN,,2.9,False,2.9,,,0,,,2025-11-20 15:49:15,2025-11-20 16:07:37
ICPUSDT,Limit,,0,38a1bc15-2a27-4592-9129-c63cf5e74568,UNKNOWN,4.834,,4.864,Filled,CreateByUser,4.905,14.0186,Full,None,0,,{'USDT': '0.00280372'},EC_NoError,,4.834,,1763653755799,MarkPrice,1,GTC,0,1763654364175,Buy,0,,0,0.00280372,MarkPrice,0,False,UNKNOWN,,2.9,False,2.9,4.68,,0,,,2025-11-20 15:49:15,2025-11-20 15:59:24
ICPUSDT,Market,,0,77983bb7-6c7c-4249-8267-06e55b563574,CancelByTpSlTsClear,,TakeProfit,4.99,Deactivated,CreateByTakeProfit,,0,Full,None,1,,{},EC_NoError,,0,,1763644649586,,1,IOC,0,1763653261121,Sell,0,5.083,0,0,,0,True,UNKNOWN,,0,True,8.7,,,0,MarkPrice,,2025-11-20 13:17:29,2025-11-20 15:41:01
ICPUSDT,Market,,0,43c2d60e-7f69-46a3-90f7-92c547e190f6,UNKNOWN,4.885,StopLoss,4.886,Filled,CreateByStopLoss,,42.4995,Full,None,2,,{'USDT': '0.02337473'},EC_NoError,,4.712,,1763644649586,,1,IOC,0,1763653261121,Sell,0,4.891,0,0.02337473,,0,True,UNKNOWN,,8.7,True,8.7,,,0,MarkPrice,,2025-11-20 13:17:29,2025-11-20 15:41:01
ICPUSDT,Limit,,0,8d0337a5-2f9e-43bc-bbb3-576174986f2f,UNKNOWN,4.931,,4.991,Filled,CreateByUser,,14.2999,,None,0,,{'USDT': '0.00285998'},EC_NoError,,4.931,,1763643893721,,1,GTC,0,1763647647368,Buy,0,,0,0.00285998,,0,False,UNKNOWN,,2.9,False,2.9,,,0,,,2025-11-20 13:04:53,2025-11-20 14:07:27
ICPUSDT,Limit,,0,4af0dbf1-f8e2-4f27-85ad-bc93c8092b04,UNKNOWN,4.961,,4.991,Filled,CreateByUser,,14.3869,,None,0,,{'USDT': '0.00287738'},EC_NoError,,4.961,,1763643893492,,1,GTC,0,1763645227016,Buy,0,,0,0.00287738,,0,False,UNKNOWN,,2.9,False,2.9,,,0,,,2025-11-20 13:04:53,2025-11-20 13:27:07
ICPUSDT,Limit,,0,940626ae-49c1-4156-9e66-2b3e52a9dec4,UNKNOWN,4.985,,4.991,Filled,CreateByUser,5.083,14.4565,Full,None,0,,{'USDT': '0.0028913'},EC_NoError,,4.985,,1763643892920,MarkPrice,1,GTC,0,1763644649586,Buy,0,,0,0.0028913,MarkPrice,0,False,UNKNOWN,,2.9,False,2.9,4.891,,0,,,2025-11-20 13:04:52,2025-11-20 13:17:29
ICPUSDT,Market,,0,187539e9-99f4-45a3-af83-811d176896cd,UNKNOWN,5.058,TakeProfit,5.058,Filled,CreateByTakeProfit,,13.6566,Full,None,2,,{'USDT': '0.00751113'},EC_NoError,,5.311,,1763635843244,,2,IOC,0,1763636970305,Buy,0,5.059,0,0.00751113,,0,True,UNKNOWN,,2.7,True,2.7,,,0,MarkPrice,,2025-11-20 10:50:43,2025-11-20 11:09:30
ICPUSDT,Market,,0,76175aa8-f47b-4154-a729-6e2c9fa1d593,CancelByTpSlTsClear,,StopLoss,5.136,Deactivated,CreateByStopLoss,,0,Full,None,1,,{},EC_NoError,,0,,1763635843244,,2,IOC,0,1763636970305,Buy,0,5.303,0,0,,0,True,UNKNOWN,,0,True,2.7,,,0,MarkPrice,,2025-11-20 10:50:43,2025-11-20 11:09:30
ICPUSDT,Limit,,0,f62f55b6-30eb-48e9-81de-0af84a7fd297,CancelByUser,,,5.109,Cancelled,CreateByUser,,0,,None,0,,{},EC_PerCancelRequest,,5.262,,1763635762872,,2,GTC,0,1763642975934,Sell,0,,0,0,,0,False,UNKNOWN,,0,False,2.7,,,0,,,2025-11-20 10:49:22,2025-11-20 12:49:35
ICPUSDT,Limit,,0,aa30992b-b585-4011-a418-316dad0b28a9,CancelByUser,,,5.109,Cancelled,CreateByUser,,0,,None,0,,{},EC_PerCancelRequest,,5.17,,1763635762673,,2,GTC,0,1763642975619,Sell,0,,0,0,,0,False,UNKNOWN,,0,False,2.7,,,0,,,2025-11-20 10:49:22,2025-11-20 12:49:35
ICPUSDT,Limit,,0,e37077dd-8e8e-4fcf-838d-76c93a94af92,UNKNOWN,5.139,,5.109,Filled,CreateByUser,5.059,13.8753,Full,None,0,,{'USDT': '0.00277506'},EC_NoError,,5.139,,1763635762473,MarkPrice,2,GTC,0,1763635843243,Sell,0,,0,0.00277506,MarkPrice,0,False,UNKNOWN,,2.7,False,2.7,5.303,,0,,,2025-11-20 10:49:22,2025-11-20 10:50:43
ICPUSDT,Market,,0,c04ff190-aa62-4ed2-9032-91ab7d331e3c,UNKNOWN,4.971,,4.969,Filled,CreateByUser,,25.8492,,None,0,,{'USDT': '0.01421706'},EC_NoError,,5.227,,1763626083968,,2,IOC,0,1763626083971,Buy,0,,0,0.01421706,,0,False,UNKNOWN,,5.2,True,5.2,,,0,,,2025-11-20 08:08:03,2025-11-20 08:08:03
ICPUSDT,Market,,0,c0f5d1d1-1b1d-423e-b7fb-60eff6e038a9,CancelByTpSlTsClear,,TakeProfit,5.037,Deactivated,CreateByTakeProfit,,0,Full,None,2,,{},EC_NoError,,0,,1763624332294,,2,IOC,0,1763626083971,Buy,0,4.929,0,0,,0,True,UNKNOWN,,0,True,5.2,,,0,MarkPrice,,2025-11-20 07:38:52,2025-11-20 08:08:03
ICPUSDT,Market,,0,34c0d93d-12ed-4db5-9af9-b540d4796687,CancelByTpSlTsClear,,StopLoss,5.037,Deactivated,CreateByStopLoss,,0,Full,None,1,,{},EC_NoError,,0,,1763624332294,,2,IOC,0,1763626083971,Buy,0,5.119,0,0,,0,True,UNKNOWN,,0,True,5.2,,,0,MarkPrice,,2025-11-20 07:38:52,2025-11-20 08:08:03
ICPUSDT,Limit,,0,7222f846-5be0-453a-9fca-f0ac012c6c0c,CancelByUser,,,5.019,Cancelled,CreateByUser,,0,,None,0,,{},EC_PerCancelRequest,,5.08,,1763623073070,,2,GTC,0,1763630283929,Sell,0,,0,0,,0,False,UNKNOWN,,0,False,2.6,,,0,,,2025-11-20 07:17:53,2025-11-20 09:18:03
ICPUSDT,Limit,,0,184d8a59-4023-4ae7-a1d7-6b91ec88406f,UNKNOWN,5.05,,5.019,Filled,CreateByUser,,13.13,,None,0,,{'USDT': '0.002626'},EC_NoError,,5.05,,1763623072870,,2,GTC,0,1763624345588,Sell,0,,0,0.002626,,0,False,UNKNOWN,,2.6,False,2.6,,,0,,,2025-11-20 07:17:52,2025-11-20 07:39:05
ICPUSDT,Limit,,0,837c1f27-7f3f-41bc-9724-8a63bc373add,UNKNOWN,5.039,,5.019,Filled,CreateByUser,4.929,13.1014,Full,None,0,,{'USDT': '0.00262028'},EC_NoError,,5.039,,1763623072674,MarkPrice,2,GTC,0,1763624332294,Sell,0,,0,0.00262028,MarkPrice,0,False,UNKNOWN,,2.6,False,2.6,5.119,,0,,,2025-11-20 07:17:52,2025-11-20 07:38:52
ICPUSDT,Market,,0,8ac54836-e31b-48e1-8685-0b01bb325173,UNKNOWN,5.04,StopLoss,5.04,Filled,CreateByStopLoss,,28.224,Full,None,1,,{'USDT': '0.0155232'},EC_NoError,,5.206,,1763604077683,,2,IOC,0,1763622449318,Buy,0,5.041,0,0.0155232,,0,True,UNKNOWN,,5.6,True,5.6,,,0,MarkPrice,,2025-11-20 02:01:17,2025-11-20 07:07:29
ICPUSDT,Market,,0,1089fbbb-b16c-407d-a1c1-d673ea1bcb68,CancelByTpSlTsClear,,TakeProfit,4.944,Deactivated,CreateByTakeProfit,,0,Full,None,2,,{},EC_NoError,,0,,1763604077683,,2,IOC,0,1763622449318,Buy,0,4.848,0,0,,0,True,UNKNOWN,,0,True,5.6,,,0,MarkPrice,,2025-11-20 02:01:17,2025-11-20 07:07:29
ICPUSDT,Limit,,0,3b8946da-bee9-4173-9990-51ef6d85d900,CancelByUser,,,4.94,Cancelled,CreateByUser,,0,,None,0,,{},EC_PerCancelRequest,,5.002,,1763604025887,,2,GTC,0,1763611234308,Sell,0,,0,0,,0,False,UNKNOWN,,0,False,2.8,,,0,,,2025-11-20 02:00:25,2025-11-20 04:00:34
ICPUSDT,Limit,,0,553152f4-3fd2-47a0-bdb4-2ed08a80a408,UNKNOWN,4.972,,4.94,Filled,CreateByUser,,13.9216,,None,0,,{'USDT': '0.00278432'},EC_NoError,,4.972,,1763604025671,,2,GTC,0,1763606067179,Sell,0,,0,0.00278432,,0,False,UNKNOWN,,2.8,False,2.8,,,0,,,2025-11-20 02:00:25,2025-11-20 02:34:27
ICPUSDT,Limit,,0,6df987fa-1aa0-4ca9-b138-04786d77180e,UNKNOWN,4.945,,4.942,Filled,CreateByUser,4.848,13.846,Full,None,0,,{'USDT': '0.0027692'},EC_NoError,,4.945,,1763604025454,MarkPrice,2,GTC,0,1763604077683,Sell,0,,0,0.0027692,MarkPrice,0,False,UNKNOWN,,2.8,False,2.8,5.041,,0,,,2025-11-20 02:00:25,2025-11-20 02:01:17
ICPUSDT,Market,,0,bf838ecc-0e70-4704-ac55-d3a2fb5702ec,UNKNOWN,4.661,StopLoss,4.661,Filled,CreateByStopLoss,,48.9405,Full,None,2,,{'USDT': '0.02691728'},EC_NoError,,4.529,,1763572206774,,1,IOC,0,1763576213285,Sell,0,4.662,0,0.02691728,,0,True,UNKNOWN,,10.5,True,10.5,,,0,MarkPrice,,2025-11-19 17:10:06,2025-11-19 18:16:53
ICPUSDT,Limit,,0,dea03459-e1b7-43f2-a8d4-f8a5983d052d,UNKNOWN,4.699,,4.845,Filled,CreateByUser,,16.4465,,None,0,,{'USDT': '0.0032893'},EC_NoError,,4.699,,1763571773319,,1,GTC,0,1763574875079,Buy,0,,0,0.0032893,,0,False,UNKNOWN,,3.5,False,3.5,,,0,,,2025-11-19 17:02:53,2025-11-19 17:54:35
ICPUSDT,Limit,,0,5f79f45d-547c-4bac-871c-165f955442e6,UNKNOWN,4.786,,4.845,Filled,CreateByUser,,16.751,,None,0,,{'USDT': '0.0033502'},EC_NoError,,4.786,,1763571773118,,1,GTC,0,1763572662078,Buy,0,,0,0.0033502,,0,False,UNKNOWN,,3.5,False,3.5,,,0,,,2025-11-19 17:02:53,2025-11-19 17:17:42
ICPUSDT,Limit,,0,d3f3b152-54bb-4ac0-8a96-05e2e48ea1e5,UNKNOWN,4.815,,4.845,Filled,CreateByUser,4.886,16.8525,Full,None,0,,{'USDT': '0.0033705'},EC_NoError,,4.815,,1763571772919,MarkPrice,1,GTC,0,1763572206774,Buy,0,,0,0.0033705,MarkPrice,0,False,UNKNOWN,,3.5,False,3.5,4.662,,0,,,2025-11-19 17:02:52,2025-11-19 17:10:06
ICPUSDT,Market,,0,cfcb15bd-f1b1-4609-b90a-10ce47d7cc3b,UNKNOWN,4.872,StopLoss,4.872,Filled,CreateByStopLoss,,34.104,Full,None,2,,{'USDT': '0.0187572'},EC_NoError,,4.668,,1763569036895,,1,IOC,0,1763570040369,Sell,0,4.873,0,0.0187572,,0,True,UNKNOWN,,7,True,7,,,0,MarkPrice,,2025-11-19 16:17:16,2025-11-19 16:34:00
ICPUSDT,Market,,0,39d458b6-1270-460b-bfcc-1363787c54db,UNKNOWN,5.059,TakeProfit,5.06,Filled,CreateByTakeProfit,,17.7065,Full,None,1,,{'USDT': '0.00973858'},EC_NoError,,4.807,,1763563675538,,1,IOC,0,1763564438399,Sell,0,5.051,0,0.00973858,,0,True,UNKNOWN,,3.5,True,3.5,,,0,MarkPrice,,2025-11-19 14:47:55,2025-11-19 15:00:38
ICPUSDT,Limit,,0,f98c58ff-f798-4bbf-accb-763ec18a253b,UNKNOWN,4.898,,4.959,Filled,CreateByUser,,17.143,,None,0,,{'USDT': '0.0034286'},EC_NoError,,4.898,,1763563641824,,1,GTC,0,1763569032186,Buy,0,,0,0.0034286,,0,False,UNKNOWN,,3.5,False,3.5,,,0,,,2025-11-19 14:47:21,2025-11-19 16:17:12
ICPUSDT,Limit,,0,683092fd-9a8f-4f03-9b22-1afe039e6735,UNKNOWN,4.928,,4.958,Filled,CreateByUser,,17.248,,None,0,,{'USDT': '0.0034496'},EC_NoError,,4.928,,1763563641620,,1,GTC,0,1763568675932,Buy,0,,0,0.0034496,,0,False,UNKNOWN,,3.5,False,3.5,,,0,,,2025-11-19 14:47:21,2025-11-19 16:11:15
ICPUSDT,Limit,,0,e2495100-f901-427a-a1c1-d6f00af8a527,UNKNOWN,4.957,,4.958,Filled,CreateByUser,5.051,17.3495,Full,None,0,,{'USDT': '0.0034699'},EC_NoError,,4.957,,1763563641422,MarkPrice,1,GTC,0,1763563675538,Buy,0,,0,0.0034699,MarkPrice,0,False,UNKNOWN,,3.5,False,3.5,4.859,,0,,,2025-11-19 14:47:21,2025-11-19 14:47:55
ICPUSDT,Market,,0,29a068a3-b13b-48af-8355-5fa8f878a911,UNKNOWN,4.997,,4.996,Filled,CreateByUser,,32.9802,,None,0,,{'USDT': '0.01813911'},EC_NoError,,5.245,,1763557616475,,2,IOC,0,1763557616478,Buy,0,,0,0.01813911,,0,False,UNKNOWN,,6.6,True,6.6,,,0,,,2025-11-19 13:06:56,2025-11-19 13:06:56
ICPUSDT,Limit,,0,b267b87e-8753-4339-bfcd-0eca09323bb0,UNKNOWN,5.085,,5.054,Filled,CreateByUser,,16.7805,,None,0,,{'USDT': '0.0033561'},EC_NoError,,5.085,,1763555529812,,2,GTC,0,1763556384429,Sell,0,,0,0.0033561,,0,False,UNKNOWN,,3.3,False,3.3,,,0,,,2025-11-19 12:32:09,2025-11-19 12:46:24
ICPUSDT,Limit,,0,d9e50b3e-5561-4ce4-9233-5f276bc75bf4,UNKNOWN,5.069,,5.054,Filled,CreateByUser,4.962,16.7277,Full,None,0,,{'USDT': '0.00334554'},EC_NoError,,5.069,,1763555529608,MarkPrice,2,GTC,0,1763556271672,Sell,0,,0,0.00334554,MarkPrice,0,False,UNKNOWN,,3.3,False,3.3,5.155,,0,,,2025-11-19 12:32:09,2025-11-19 12:44:31
ICPUSDT,Market,,0,eb95651c-50e1-49d8-9fc8-959a7877ce0a,UNKNOWN,5.133,StopLoss,5.132,Filled,CreateByStopLoss,,52.3566,Full,None,1,,{'USDT': '0.02879615'},EC_NoError,,5.318,,1763553996739,,2,IOC,0,1763554747295,Buy,0,5.132,0,0.02879615,,0,True,UNKNOWN,,10.2,True,10.2,,,0,MarkPrice,,2025-11-19 12:06:36,2025-11-19 12:19:07
ICPUSDT,Limit,,0,39f4571d-9e10-48f3-9a66-9c1615085082,UNKNOWN,5.092,,5.031,Filled,CreateByUser,,17.3128,,None,0,,{'USDT': '0.00346256'},EC_NoError,,5.092,,1763553852233,,2,GTC,0,1763554609398,Sell,0,,0,0.00346256,,0,False,UNKNOWN,,3.4,False,3.4,,,0,,,2025-11-19 12:04:12,2025-11-19 12:16:49
ICPUSDT,Limit,,0,be31a162-5a18-470a-9076-bf75ff72e3ad,UNKNOWN,5.062,,5.031,Filled,CreateByUser,,17.2108,,None,0,,{'USDT': '0.00344216'},EC_NoError,,5.062,,1763553852018,,2,GTC,0,1763554017501,Sell,0,,0,0.00344216,,0,False,UNKNOWN,,3.4,False,3.4,,,0,,,2025-11-19 12:04:12,2025-11-19 12:06:57
ICPUSDT,Limit,,0,8272fa6d-50cc-4f97-9ec4-5ad6ccffe15a,UNKNOWN,5.043,,5.031,Filled,CreateByUser,4.938,17.1462,Full,None,0,,{'USDT': '0.00342924'},EC_NoError,,5.043,,1763553851729,MarkPrice,2,GTC,0,1763553996738,Sell,0,,0,0.00342924,MarkPrice,0,False,UNKNOWN,,3.4,False,3.4,5.132,,0,,,2025-11-19 12:04:11,2025-11-19 12:06:36
ICPUSDT,Market,,0,8405ed88-e548-4dea-a408-e3235d594f3b,UNKNOWN,4.931,StopLoss,4.931,Filled,CreateByStopLoss,,50.2962,Full,None,2,,{'USDT': '0.02766291'},EC_NoError,,4.752,,1763529685797,,1,IOC,0,1763534771250,Sell,0,4.933,0,0.02766291,,0,True,UNKNOWN,,10.2,True,10.2,,,0,MarkPrice,,2025-11-19 05:21:25,2025-11-19 06:46:11
ICPUSDT,Limit,,0,dd4b73ad-97eb-4593-802f-66e035de66a5,UNKNOWN,4.973,,5.033,Filled,CreateByUser,,16.9082,,None,0,,{'USDT': '0.00338164'},EC_NoError,,4.973,,1763529610485,,1,GTC,0,1763530227091,Buy,0,,0,0.00338164,,0,False,UNKNOWN,,3.4,False,3.4,,,0,,,2025-11-19 05:20:10,2025-11-19 05:30:27
ICPUSDT,Limit,,0,b05c3331-1bd9-4515-a9ee-14f0b863225a,UNKNOWN,5.003,,5.033,Filled,CreateByUser,,17.0102,,None,0,,{'USDT': '0.00340204'},EC_NoError,,5.003,,1763529610291,,1,GTC,0,1763530021415,Buy,0,,0,0.00340204,,0,False,UNKNOWN,,3.4,False,3.4,,,0,,,2025-11-19 05:20:10,2025-11-19 05:27:01
ICPUSDT,Limit,,0,0226f790-b18b-48f2-831e-0c478f5be485,UNKNOWN,5.029,,5.033,Filled,CreateByUser,5.127,17.0986,Full,None,0,,{'USDT': '0.00341972'},EC_NoError,,5.029,,1763529610097,MarkPrice,1,GTC,0,1763529685797,Buy,0,,0,0.00341972,MarkPrice,0,False,UNKNOWN,,3.4,False,3.4,4.933,,0,,,2025-11-19 05:20:10,2025-11-19 05:21:25
ICPUSDT,Market,,0,f2a43f19-36b9-4749-a302-45913dd6d926,UNKNOWN,5.227,StopLoss,5.227,Filled,CreateByStopLoss,,35.5436,Full,None,1,,{'USDT': '0.01954898'},EC_NoError,,5.395,,1763507946593,,2,IOC,0,1763517793142,Buy,0,5.223,0,0.01954898,,0,True,UNKNOWN,,6.8,True,6.8,,,0,MarkPrice,,2025-11-18 23:19:06,2025-11-19 02:03:13
ICPUSDT,Limit,,0,6d58e52c-2eb0-435f-bc08-3e44b2123a8e,UNKNOWN,5.152,,5.121,Filled,CreateByUser,,17.5168,,None,0,,{'USDT': '0.00350336'},EC_NoError,,5.152,,1763507885865,,2,GTC,0,1763513442077,Sell,0,,0,0.00350336,,0,False,UNKNOWN,,3.4,False,3.4,,,0,,,2025-11-18 23:18:05,2025-11-19 00:50:42
ICPUSDT,Limit,,0,df3958e3-6d43-4dad-95ed-6558fc3fd9af,UNKNOWN,5.126,,5.121,Filled,CreateByUser,5.024,17.4284,Full,None,0,,{'USDT': '0.00348568'},EC_NoError,,5.126,,1763507885672,MarkPrice,2,GTC,0,1763507946593,Sell,0,,0,0.00348568,MarkPrice,0,False,UNKNOWN,,3.4,False,3.4,5.223,,0,,,2025-11-18 23:18:05,2025-11-18 23:19:06
ICPUSDT,Market,,0,746ed370-c292-46d9-b8fd-5ca4dc98d2b2,UNKNOWN,4.758,TakeProfit,4.759,Filled,CreateByTakeProfit,,16.653,Full,None,1,,{'USDT': '0.00915915'},EC_NoError,,4.522,,1763386691113,,1,IOC,0,1763389956864,Sell,0,4.757,0,0.00915915,,0,True,UNKNOWN,,3.5,True,3.5,,,0,MarkPrice,,2025-11-17 13:38:11,2025-11-17 14:32:36
ICPUSDT,Limit,,0,be81eda5-4fcd-4102-946b-db32a9199c04,UNKNOWN,4.688,,4.716,Filled,CreateByUser,4.757,16.408,Full,None,0,,{'USDT': '0.0032816'},EC_NoError,,4.688,,1763386388255,MarkPrice,1,GTC,0,1763386691116,Buy,0,,0,0.0032816,MarkPrice,0,False,UNKNOWN,,3.5,False,3.5,4.538,,0,,,2025-11-17 13:33:08,2025-11-17 13:38:11
ICPUSDT,Market,,0,72bee111-d151-4bc3-a1d3-d55c7ce635e5,UNKNOWN,5.48,TakeProfit,5.479,Filled,CreateByTakeProfit,,15.344,Full,None,2,,{'USDT': '0.0084392'},EC_NoError,,5.755,,1763274827339,,2,IOC,0,1763275628876,Buy,0,5.481,0,0.0084392,,0,True,UNKNOWN,,2.8,True,2.8,,,0,MarkPrice,,2025-11-16 06:33:47,2025-11-16 06:47:08
ICPUSDT,Limit,,0,973ef05e-c47f-4b7d-86d3-3047dc8a8b4f,UNKNOWN,5.568,,5.534,Filled,CreateByUser,5.481,15.5904,Full,None,0,,{'USDT': '0.00311808'},EC_NoError,,5.568,,1763274714116,MarkPrice,2,GTC,0,1763274827339,Sell,0,,0,0.00311808,MarkPrice,0,False,UNKNOWN,,2.8,False,2.8,5.745,,0,,,2025-11-16 06:31:54,2025-11-16 06:33:47
ICPUSDT,Market,,0,e1b4f440-9f54-41e4-923f-ee5c850d3cd8,UNKNOWN,5.443,StopLoss,5.444,Filled,CreateByStopLoss,,47.3541,Full,None,1,,{'USDT': '0.02604476'},EC_NoError,,5.655,,1763273003391,,2,IOC,0,1763273576629,Buy,0,5.443,0,0.02604476,,0,True,UNKNOWN,,8.7,True,8.7,,,0,MarkPrice,,2025-11-16 06:03:23,2025-11-16 06:12:56
ICPUSDT,Limit,,0,25962cab-1cc8-4f5b-bdf9-12f0f046f10f,UNKNOWN,5.401,,5.336,Filled,CreateByUser,,15.6629,,None,0,,{'USDT': '0.00313258'},EC_NoError,,5.401,,1763272875327,,2,GTC,0,1763273176874,Sell,0,,0,0.00313258,,0,False,UNKNOWN,,2.9,False,2.9,,,0,,,2025-11-16 06:01:15,2025-11-16 06:06:16
ICPUSDT,Limit,,0,7a0eac66-b297-457f-a6e6-47440cec4021,UNKNOWN,5.389,,5.336,Filled,CreateByUser,,15.6281,,None,0,,{'USDT': '0.00312562'},EC_NoError,,5.389,,1763272875100,,2,GTC,0,1763273090687,Sell,0,,0,0.00312562,,0,False,UNKNOWN,,2.9,False,2.9,,,0,,,2025-11-16 06:01:15,2025-11-16 06:04:50
ICPUSDT,Limit,,0,bd820bb2-b75e-4146-ac06-ebe2ef6a9da6,UNKNOWN,5.369,,5.336,Filled,CreateByUser,5.251,15.5701,Full,None,0,,{'USDT': '0.00311402'},EC_NoError,,5.369,,1763272874873,MarkPrice,2,GTC,0,1763273003391,Sell,0,,0,0.00311402,MarkPrice,0,False,UNKNOWN,,2.9,False,2.9,5.443,,0,,,2025-11-16 06:01:14,2025-11-16 06:03:23
ICPUSDT,Market,,0,c49002f7-be25-4fcf-bd68-1c8726b46d6f,UNKNOWN,5.294,TakeProfit,5.294,Filled,CreateByTakeProfit,,29.6464,Full,None,2,,{'USDT': '0.01630552'},EC_NoError,,5.559,,1763257939718,,2,IOC,0,1763267846736,Buy,0,5.295,0,0.01630552,,0,True,UNKNOWN,,5.6,True,5.6,,,0,MarkPrice,,2025-11-16 01:52:19,2025-11-16 04:37:26
ICPUSDT,Limit,,0,ae613829-7bba-498d-a334-9c0107529d05,UNKNOWN,5.411,,5.345,Filled,CreateByUser,,15.1508,,None,0,,{'USDT': '0.00303016'},EC_NoError,,5.411,,1763255936998,,2,GTC,0,1763258026309,Sell,0,,0,0.00303016,,0,False,UNKNOWN,,2.8,False,2.8,,,0,,,2025-11-16 01:18:56,2025-11-16 01:53:46
ICPUSDT,Limit,,0,6aef61fb-50a8-4ecf-b373-caa332e624a1,UNKNOWN,5.379,,5.345,Filled,CreateByUser,5.295,15.0612,Full,None,0,,{'USDT': '0.00301224'},EC_NoError,,5.379,,1763255936776,MarkPrice,2,GTC,0,1763257939718,Sell,0,,0,0.00301224,MarkPrice,0,False,UNKNOWN,,2.8,False,2.8,5.55,,0,,,2025-11-16 01:18:56,2025-11-16 01:52:19
ICPUSDT,Market,,0,e4388828-0f5a-437a-9d66-d17e9d0db4fa,UNKNOWN,5.329,StopLoss,5.328,Filled,CreateByStopLoss,,14.9212,Full,None,1,,{'USDT': '0.00820666'},EC_NoError,,5.589,,1763254406486,,2,IOC,0,1763254412633,Buy,0,5.326,0,0.00820666,,0,True,UNKNOWN,,2.8,True,2.8,,,0,MarkPrice,,2025-11-16 00:53:26,2025-11-16 00:53:32
ICPUSDT,Market,,0,5cdcd1c0-d8fb-4c14-9448-cd33ba439f7a,UNKNOWN,5.211,,5.21,Filled,CreateByClosing,,29.1816,,None,0,,{'USDT': '0.01604988'},EC_NoError,,5.47,,1763253032103,,2,IOC,0,1763253032106,Buy,0,,0,0.01604988,,0,True,UNKNOWN,,5.6,True,5.6,,,0,,,2025-11-16 00:30:32,2025-11-16 00:30:32
ICPUSDT,Limit,,0,c078cf0e-6336-439f-af38-bb3177fe4bb4,UNKNOWN,5.323,,5.259,Filled,CreateByUser,,14.9044,,None,0,,{'USDT': '0.00298088'},EC_NoError,,5.323,,1763250552656,,2,GTC,0,1763254404731,Sell,0,,0,0.00298088,,0,False,UNKNOWN,,2.8,False,2.8,,,0,,,2025-11-15 23:49:12,2025-11-16 00:53:24
ICPUSDT,Limit,,0,47979e0e-acb0-441a-9bf4-25e02729235e,UNKNOWN,5.291,,5.259,Filled,CreateByUser,,14.8148,,None,0,,{'USDT': '0.00296296'},EC_NoError,,5.291,,1763250552435,,2,GTC,0,1763251042418,Sell,0,,0,0.00296296,,0,False,UNKNOWN,,2.8,False,2.8,,,0,,,2025-11-15 23:49:12,2025-11-15 23:57:22
ICPUSDT,Limit,,0,9c9d864c-c35d-443d-9a95-73065edfcf29,UNKNOWN,5.261,,5.259,Filled,CreateByUser,5.158,14.7308,Full,None,0,,{'USDT': '0.00294616'},EC_NoError,,5.261,,1763250552209,MarkPrice,2,GTC,0,1763250555704,Sell,0,,0,0.00294616,MarkPrice,0,False,UNKNOWN,,2.8,False,2.8,5.364,,0,,,2025-11-15 23:49:12,2025-11-15 23:49:15
ICPUSDT,Market,,0,13c451db-3ebc-4c87-adbb-ad1b52742aa6,UNKNOWN,5.21,,5.208,Filled,CreateByUser,,29.176,,None,0,,{'USDT': '0.0160468'},EC_NoError,,5.47,,1763239156050,,2,IOC,0,1763239156053,Buy,0,,0,0.0160468,,0,False,UNKNOWN,,5.6,True,5.6,,,0,,,2025-11-15 20:39:16,2025-11-15 20:39:16
ICPUSDT,Limit,,0,df52ad8e-32a7-4bea-b486-02880c06a592,UNKNOWN,5.29,,5.227,Filled,CreateByUser,,14.812,,None,0,,{'USDT': '0.0029624'},EC_NoError,,5.29,,1763235132402,,2,GTC,0,1763236955707,Sell,0,,0,0.0029624,,0,False,UNKNOWN,,2.8,False,2.8,,,0,,,2025-11-15 19:32:12,2025-11-15 20:02:35
ICPUSDT,Limit,,0,5d2cefb0-ea1e-4858-9a86-9fd32ae5cab7,UNKNOWN,5.259,,5.227,Filled,CreateByUser,5.149,14.7252,Full,None,0,,{'USDT': '0.00294504'},EC_NoError,,5.259,,1763235131827,MarkPrice,2,GTC,0,1763236421621,Sell,0,,0,0.00294504,MarkPrice,0,False,UNKNOWN,,2.8,False,2.8,5.34,,0,,,2025-11-15 19:32:11,2025-11-15 19:53:41
ICPUSDT,Market,,0,a3c7fcba-9802-4145-a439-ed6e26bad000,UNKNOWN,5.216,,5.216,Filled,CreateByUser,,28.1664,,None,0,,{'USDT': '0.01549152'},EC_NoError,,5.476,,1763227077427,,2,IOC,0,1763227077430,Buy,0,,0,0.01549152,,0,False,UNKNOWN,,5.4,True,5.4,,,0,,,2025-11-15 17:17:57,2025-11-15 17:17:57
ICPUSDT,Limit,,0,7999267f-c28d-40a5-8912-c95e8ae58f71,UNKNOWN,5.298,,5.249,Filled,CreateByUser,,14.3046,,None,0,,{'USDT': '0.00286092'},EC_NoError,,5.298,,1763226108147,,2,GTC,0,1763226428281,Sell,0,,0,0.00286092,,0,False,UNKNOWN,,2.7,False,2.7,,,0,,,2025-11-15 17:01:48,2025-11-15 17:07:08
ICPUSDT,Limit,,0,789c9bf8-421f-4c6b-8ce1-9d3de81e3605,UNKNOWN,5.282,,5.25,Filled,CreateByUser,5.165,14.2614,Full,None,0,,{'USDT': '0.00285228'},EC_NoError,,5.282,,1763226107916,MarkPrice,2,GTC,0,1763226371734,Sell,0,,0,0.00285228,MarkPrice,0,False,UNKNOWN,,2.7,False,2.7,5.355,,0,,,2025-11-15 17:01:47,2025-11-15 17:06:11
ICPUSDT,Market,,0,3617eb63-4a9f-4f77-8a3e-023151d49340,UNKNOWN,5.236,,5.235,Filled,CreateByUser,,27.2272,,None,0,,{'USDT': '0.01497496'},EC_NoError,,5.497,,1763216780805,,2,IOC,0,1763216780809,Buy,0,,0,0.01497496,,0,False,UNKNOWN,,5.2,True,5.2,,,0,,,2025-11-15 14:26:20,2025-11-15 14:26:20
ICPUSDT,Limit,,0,20c0a7ac-697c-4386-bca4-dfd124c9f24c,UNKNOWN,5.314,,5.273,Filled,CreateByUser,,13.8164,,None,0,,{'USDT': '0.00276328'},EC_NoError,,5.314,,1763211001171,,2,GTC,0,1763212912972,Sell,0,,0,0.00276328,,0,False,UNKNOWN,,2.6,False,2.6,,,0,,,2025-11-15 12:50:01,2025-11-15 13:21:52
ICPUSDT,Limit,,0,4828422d-cc5f-4ee6-89ad-0b7a43db3288,UNKNOWN,5.298,,5.273,Filled,CreateByUser,5.182,13.7748,Full,None,0,,{'USDT': '0.00275496'},EC_NoError,,5.298,,1763211000962,MarkPrice,2,GTC,0,1763211137312,Sell,0,,0,0.00275496,MarkPrice,0,False,UNKNOWN,,2.6,False,2.6,5.376,,0,,,2025-11-15 12:50:00,2025-11-15 12:52:17
ICPUSDT,Market,,0,9beaf740-b631-4619-a88f-2878ffba7730,UNKNOWN,6.032,,6.032,Filled,CreateByUser,,36.192,,None,0,,{'USDT': '0.0199056'},EC_NoError,,5.731,,1762911039956,,1,IOC,0,1762911039959,Sell,0,,0,0.0199056,,0,False,UNKNOWN,,6,True,6,,,0,,,2025-11-12 01:30:39,2025-11-12 01:30:39
ICPUSDT,Limit,,0,65eed217-99e1-47ad-ad95-e6a446cdd8bb,UNKNOWN,5.809,,5.989,Filled,CreateByUser,,11.618,,None,0,,{'USDT': '0.0023236'},EC_NoError,,5.809,,1762905842484,,1,GTC,0,1762907978088,Buy,0,,0,0.0023236,,0,False,UNKNOWN,,2,False,2,,,0,,,2025-11-12 00:04:02,2025-11-12 00:39:38
ICPUSDT,Limit,,0,c25bfefe-a3e7-48ea-a8aa-f6067eca1622,UNKNOWN,5.917,,5.989,Filled,CreateByUser,,11.834,,None,0,,{'USDT': '0.0023668'},EC_NoError,,5.917,,1762905842245,,1,GTC,0,1762906361002,Buy,0,,0,0.0023668,,0,False,UNKNOWN,,2,False,2,,,0,,,2025-11-12 00:04:02,2025-11-12 00:12:41
ICPUSDT,Limit,,0,225752aa-add1-4984-b67a-37a8b2c12de0,UNKNOWN,5.953,,5.989,Filled,CreateByUser,6.04,11.906,Full,None,0,,{'USDT': '0.0023812'},EC_NoError,,5.953,,1762905842027,MarkPrice,1,GTC,0,1762906305258,Buy,0,,0,0.0023812,MarkPrice,0,False,UNKNOWN,,2,False,2,5.762,,0,,,2025-11-12 00:04:02,2025-11-12 00:11:45
ICPUSDT,Market,,0,8b69db42-e177-4f56-a2c2-137e79b517f4,UNKNOWN,5.947,StopLoss,5.947,Filled,CreateByStopLoss,,23.788,Full,None,2,,{'USDT': '0.0130834'},EC_NoError,,5.827,,1762893248378,,1,IOC,0,1762905087792,Sell,0,5.956,0,0.0130834,,0,True,UNKNOWN,,4,True,4,,,0,MarkPrice,,2025-11-11 20:34:08,2025-11-11 23:51:27
ICPUSDT,Limit,,0,00c03946-f15f-4642-8bf1-ad362f979d62,UNKNOWN,6.115,,6.19,Filled,CreateByUser,,12.23,,None,0,,{'USDT': '0.002446'},EC_NoError,,6.115,,1762893134195,,1,GTC,0,1762893604290,Buy,0,,0,0.002446,,0,False,UNKNOWN,,2,False,2,,,0,,,2025-11-11 20:32:14,2025-11-11 20:40:04
ICPUSDT,Limit,,0,03d9e5bd-4246-4da5-99be-c49e98a57617,UNKNOWN,6.152,,6.19,Filled,CreateByUser,6.243,12.304,Full,None,0,,{'USDT': '0.0024608'},EC_NoError,,6.152,,1762893133968,MarkPrice,1,GTC,0,1762893248378,Buy,0,,0,0.0024608,MarkPrice,0,False,UNKNOWN,,2,False,2,5.956,,0,,,2025-11-11 20:32:13,2025-11-11 20:34:08
