symbol,orderType,underlyingPrice,orderLinkId,orderId,stopOrderType,execTime,feeCurrency,createType,execFeeV2,feeRate,tradeIv,blockTradeId,markPrice,execPrice,markIv,orderQty,orderPrice,execValue,closedSize,execType,seq,side,indexPrice,leavesQty,isMaker,execFee,execId,marketUnit,execQty,extraFees,execTime_readable
NEARUSDT,Market,,,d71649b1-058c-4bfb-8bba-449bfd80d6f3,StopLoss,1763664831113,USDT,CreateByStopLoss,-0.01413126,0.00055,,,2.107,2.106,,12.2,2.062,25.6932,12.2,Trade,239118239132,Sell,,0,False,0.01413126,76516c76-ccaf-5188-ae66-c78e5af300fc,,12.2,,2025-11-20 18:53:51
NEARUSDT,Limit,,,82e43715-e39b-4fef-9aa1-ac0026f711b8,UNKNOWN,1763657086873,USDT,CreateByUser,-0.00263886,0.0002,,,2.18,2.163,,6.1,2.163,13.1943,0,Trade,239068677172,Buy,,0,True,0.00263886,6ea6aae2-501b-5e16-816d-b314eda5e280,,6.1,,2025-11-20 16:44:46
NEARUSDT,Limit,,,7af5b7e4-ad5a-48e9-baa5-d3c688065819,UNKNOWN,1763656528763,USDT,CreateByUser,-0.00265472,0.0002,,,2.191,2.176,,6.1,2.176,13.2736,0,Trade,239064420620,Buy,,0,True,0.00265472,f95470e4-ccfc-57aa-8097-1c859e346d92,,6.1,,2025-11-20 16:35:28
NEARUSDT,Market,,,34e3861a-31fb-4ffb-94fc-df5c05a00617,StopLoss,1763655155155,USDT,CreateByStopLoss,-0.02267991,0.00055,,,2.217,2.217,,18.6,2.154,41.2362,18.6,Trade,239050494932,Sell,,0,False,0.02267991,1cb4c8b5-b82e-5831-8c26-98e266527e72,,18.6,,2025-11-20 16:12:35
NEARUSDT,Limit,,,e42f66b0-02b7-411e-9492-080c0185f582,UNKNOWN,1763654733072,USDT,CreateByUser,-0.00277016,0.0002,,,2.278,2.234,,6.2,2.234,13.8508,0,Trade,239046208187,Buy,,0,True,0.00277016,fe0768d6-1944-5a96-ad7c-e18ae45e34e5,,6.2,,2025-11-20 16:05:33
NEARUSDT,UNKNOWN,,,6041634a-86b4-42f1-9fad-3f605df98ff8,UNKNOWN,1763654400000,USDT,,-0.00279992,0.0001,,,2.278,2.258,,0,0,27.9992,0,Funding,239043298923,Buy,,0,False,0.00279992,4e6bdf70-1302-4f62-a7fd-4f69f42fc73e,,12.4,,2025-11-20 16:00:00
NEARUSDT,Limit,,,92693a5b-7082-4dc6-b178-dbca8e865e29,UNKNOWN,1763651191321,USDT,CreateByUser,-0.00282224,0.0002,,,2.293,2.276,,6.2,2.276,14.1112,0,Trade,239031849892,Buy,,0,True,0.00282224,925eeb36-1674-5cc5-902e-57ef9f0127ad,,6.2,,2025-11-20 15:06:31
NEARUSDT,Limit,,,9a9ec73f-e0ac-4609-a403-41ce5111d837,UNKNOWN,1763650944323,USDT,CreateByUser,-0.0028396,0.0002,,,2.304,2.29,,6.2,2.29,14.198,0,Trade,239030862938,Buy,,0,True,0.0028396,b2df2227-51bc-537a-968a-62e2c072d9f3,,6.2,,2025-11-20 15:02:24
NEARUSDT,Market,,,f85b4781-2fba-4e96-aff9-17b27dd074cc,StopLoss,1763647550966,USDT,CreateByStopLoss,-0.01471866,0.00055,,,2.308,2.307,,11.6,2.23,26.7612,11.6,Trade,239015716004,Sell,,0,False,0.01471866,60f0facf-7e48-5748-9642-6bda67a1fa81,,11.6,,2025-11-20 14:05:50
NEARUSDT,Limit,,,9f7d22d2-2965-4d26-9626-156565e546ab,UNKNOWN,1763637982166,USDT,CreateByUser,-0.0027144,0.0002,,,2.355,2.34,,5.8,2.34,13.572,0,Trade,238991188525,Buy,,0,True,0.0027144,d01f7628-854c-5c7e-a824-6e79968183e7,,5.8,,2025-11-20 11:26:22
NEARUSDT,Limit,,,96f44880-a1a8-486b-ac20-b056f567752a,UNKNOWN,1763634689087,USDT,CreateByUser,-0.00273064,0.0002,,,2.355,2.354,,5.8,2.354,13.6532,0,Trade,238986395682,Buy,,0,True,0.00273064,5ec9d64b-648e-52b6-9317-7bae6abb7d10,,5.8,,2025-11-20 10:31:29
NEARUSDT,Market,,,256cdb75-92a8-4c01-a60c-50d9a579f3d6,UNKNOWN,1763633775633,USDT,CreateByUser,-0.00735785,0.00055,,,2.347,2.347,,5.7,2.464,13.3779,5.7,Trade,238984587552,Buy,,0,False,0.00735785,1377fc96-60cc-5e64-9447-071cb8ee5092,,5.7,,2025-11-20 10:16:15
NEARUSDT,UNKNOWN,,,4f4ed39f-6965-4859-a6ad-d5b590afc423,UNKNOWN,1763625600000,USDT,,0.00136629,-0.0001,,,2.371,2.397,,0,0,13.6629,0,Funding,238972329397,Sell,,0,False,-0.00136629,22cbc3cb-2c6e-490d-861a-2ddde2722aa0,,5.7,,2025-11-20 08:00:00
NEARUSDT,Limit,,,3ef405fc-7172-43ac-8ad9-6e9a291eed0c,UNKNOWN,1763609210099,USDT,CreateByUser,-0.00272688,0.0002,,,2.386,2.392,,5.7,2.392,13.6344,0,Trade,238949895882,Sell,,0,True,0.00272688,6a74fee1-a354-5b30-9d15-46b9cf6743e4,,5.7,,2025-11-20 03:26:50
NEARUSDT,Market,,,b5a2a70a-bc52-4b02-b98c-b246e4a9ccce,StopLoss,1763593680113,USDT,CreateByStopLoss,-0.01841598,0.00055,,,2.357,2.358,,19.8,2.442,33.4836,14.2,Trade,238925057200,Buy,,0,False,0.01841598,700b895c-27c1-535d-bd75-1536884058fc,,14.2,,2025-11-19 23:08:00
NEARUSDT,Market,,,b5a2a70a-bc52-4b02-b98c-b246e4a9ccce,StopLoss,1763593680113,USDT,CreateByStopLoss,-0.00726264,0.00055,,,2.357,2.358,,19.8,2.442,13.2048,5.6,Trade,238925057200,Buy,,14.2,False,0.00726264,7da02292-2cdc-5396-9242-4dacb5ae975d,,5.6,,2025-11-19 23:08:00
NEARUSDT,Limit,,,873a70fd-4baf-47c8-96b6-850c03c757ad,UNKNOWN,1763592869643,USDT,CreateByUser,-0.00308616,0.0002,,,2.323,2.338,,6.6,2.338,15.4308,0,Trade,238923550508,Sell,,0,True,0.00308616,ef864be2-65f7-57f6-86e1-306c14af7c9e,,6.6,,2025-11-19 22:54:29
NEARUSDT,Limit,,,4745efce-56a7-4ae4-84da-f6231e0e2e17,UNKNOWN,1763592696799,USDT,CreateByUser,-0.00237048,0.0002,,,2.323,2.324,,6.6,2.324,11.8524,0,Trade,238923359062,Sell,,0,True,0.00237048,57156c50-aaad-50f6-bde0-17c9f42f533f,,5.1,,2025-11-19 22:51:36
NEARUSDT,Limit,,,4745efce-56a7-4ae4-84da-f6231e0e2e17,UNKNOWN,1763592696781,USDT,CreateByUser,-0.0006972,0.0002,,,2.316,2.324,,6.6,2.324,3.486,0,Trade,238923358969,Sell,,5.1,True,0.0006972,227dcf21-8a52-5070-a2a0-f1b297092109,,1.5,,2025-11-19 22:51:36
NEARUSDT,Limit,,,e5c240e2-c00a-43da-8b67-d9c909dacaaa,UNKNOWN,1763592657952,USDT,CreateByUser,-0.00305712,0.0002,,,2.31,2.316,,6.6,2.316,15.2856,0,Trade,238923317432,Sell,,0,True,0.00305712,e8cd5ffc-d4aa-56e9-a3b7-7a631c9dcea3,,6.6,,2025-11-19 22:50:57
NEARUSDT,Market,,,23e10d6d-be1a-4fee-8be4-3f191444e609,StopLoss,1763591431151,USDT,CreateByStopLoss,-0.0260304,0.00055,,,2.32,2.32,,20.4,2.409,47.328,20.4,Trade,238921826880,Buy,,0,False,0.0260304,7ca92cc6-b2f8-5c3a-a4d6-574fc959b9fa,,20.4,,2025-11-19 22:30:31
NEARUSDT,Limit,,,a23ad76f-96cf-4990-a405-9dc0c9482ed8,UNKNOWN,1763588917794,USDT,CreateByUser,-0.00313208,0.0002,,,2.287,2.303,,6.8,2.303,15.6604,0,Trade,238916240493,Sell,,0,True,0.00313208,8316e7e1-b3c0-503a-b7bf-8883f9d4eaef,,6.8,,2025-11-19 21:48:37
NEARUSDT,Limit,,,d7555642-56dc-49d6-8e35-70684ff300ea,UNKNOWN,1763588829955,USDT,CreateByUser,-0.00311712,0.0002,,,2.288,2.292,,6.8,2.292,15.5856,0,Trade,238916014699,Sell,,0,True,0.00311712,99c07422-e203-585c-a25c-543a5e0ec1ad,,6.8,,2025-11-19 21:47:09
NEARUSDT,Limit,,,1c32c38a-472c-4129-873e-c0e4bd3b146b,UNKNOWN,1763588034964,USDT,CreateByUser,-0.00311304,0.0002,,,2.276,2.289,,6.8,2.289,15.5652,0,Trade,238913469565,Sell,,0,True,0.00311304,abbf4b4c-9fa8-56a2-ac0d-323fe6e5b591,,6.8,,2025-11-19 21:33:54
NEARUSDT,Market,,,9be841a5-1ecc-437a-a121-24f3be8ec5a7,StopLoss,1763587279146,USDT,CreateByStopLoss,-0.011011,0.00055,,,2.275,2.275,,21.9,2.36,20.02,8.8,Trade,238909418314,Buy,,13.1,False,0.011011,c603a8ab-cbd3-5983-8370-d9971879f41e,,8.8,,2025-11-19 21:21:19
NEARUSDT,Market,,,9be841a5-1ecc-437a-a121-24f3be8ec5a7,StopLoss,1763587279146,USDT,CreateByStopLoss,-0.01639138,0.00055,,,2.275,2.275,,21.9,2.36,29.8025,13.1,Trade,238909418314,Buy,,0,False,0.01639138,371244d4-3260-55e6-958d-bf07358bff4a,,13.1,,2025-11-19 21:21:19
NEARUSDT,Limit,,,7fa239c6-defe-48bc-bb84-6b9156c493e1,UNKNOWN,1763586392362,USDT,CreateByUser,-0.00329522,0.0002,,,2.247,2.257,,7.3,2.257,16.4761,0,Trade,238906094082,Sell,,0,True,0.00329522,9872c243-b6fd-5472-8808-0b1e5d8d47e5,,7.3,,2025-11-19 21:06:32
NEARUSDT,Limit,,,e03903e9-42f8-4a94-bbbe-4d3e7428b580,UNKNOWN,1763586355501,USDT,CreateByUser,-0.003285,0.0002,,,2.237,2.25,,7.3,2.25,16.425,0,Trade,238905952233,Sell,,0,True,0.003285,0771da21-5093-5e84-91e1-3b6d16543083,,7.3,,2025-11-19 21:05:55
NEARUSDT,Limit,,,fd4a0188-3b9c-45ce-95ba-0d0c78b2f07a,UNKNOWN,1763586265000,USDT,CreateByUser,-0.00326602,0.0002,,,2.223,2.237,,7.3,2.237,16.3301,0,Trade,238905650663,Sell,,0,True,0.00326602,b3aec88c-8c18-5047-a4c7-da8fbbc41ea8,,7.3,,2025-11-19 21:04:25
NEARUSDT,Market,,,7bd0c5d2-9298-4f81-bd25-d2cf40dcd9a6,TakeProfit,1763576868039,USDT,CreateByTakeProfit,-0.01879878,0.00055,,,2.191,2.191,,15.6,2.3,34.1796,15.6,Trade,238877370759,Buy,,0,False,0.01879878,44ff9f96-8e9d-553d-832a-132b3e4cfdd9,,15.6,,2025-11-19 18:27:48
NEARUSDT,Limit,,,a06a7e91-72ea-46a2-af05-7277b6f2011c,UNKNOWN,1763574197762,USDT,CreateByUser,-0.00349284,0.0002,,,2.226,2.239,,7.8,2.239,17.4642,0,Trade,238867513420,Sell,,0,True,0.00349284,efd8e362-819b-5f3a-bb7e-d955e7621d81,,7.8,,2025-11-19 17:43:17
NEARUSDT,Limit,,,118f9289-92f3-406f-a5e3-dbd6a3453d09,UNKNOWN,1763574166639,USDT,CreateByUser,-0.00347256,0.0002,,,2.213,2.226,,7.8,2.226,17.3628,0,Trade,238867277747,Sell,,0,True,0.00347256,c5eaf13b-5ca3-504c-98a0-41949f9e876d,,7.8,,2025-11-19 17:42:46
NEARUSDT,Market,,,54c574ad-fb81-41a9-b4dd-053e84914b8e,StopLoss,1763568637198,USDT,CreateByStopLoss,-0.01854248,0.00055,,,2.219,2.218,,15.2,2.126,33.7136,15.2,Trade,238846194032,Sell,,0,False,0.01854248,cda1dff2-3a3f-5725-85d8-33a13bba12a8,,15.2,,2025-11-19 16:10:37
NEARUSDT,UNKNOWN,,,a10aa2d4-df99-4fac-aea5-3c16efa412db,UNKNOWN,1763568000000,USDT,,-0.0033896,0.0001,,,2.232,2.23,,0,0,33.896,0,Funding,238843406558,Buy,,0,False,0.0033896,a88d5b7e-1091-4b86-8bb7-422253d7629b,,15.2,,2025-11-19 16:00:00
NEARUSDT,Limit,,,6e14ad25-d10a-4396-b25d-73af036ca874,UNKNOWN,1763567488600,USDT,CreateByUser,-0.0033896,0.0002,,,2.246,2.23,,7.6,2.23,16.948,0,Trade,238841311129,Buy,,0,True,0.0033896,22cc1761-7fa3-512c-893f-1071c8ee77cf,,7.6,,2025-11-19 15:51:28
NEARUSDT,Limit,,,0365ea3e-5b41-44b9-8d73-c116561607d4,UNKNOWN,1763566518484,USDT,CreateByUser,-0.00341088,0.0002,,,2.293,2.244,,7.6,2.244,17.0544,0,Trade,238837302287,Buy,,0,True,0.00341088,58f45d20-9ad2-5000-9c95-a2e110dc3489,,7.6,,2025-11-19 15:35:18
NEARUSDT,Market,,,677009bf-9ca4-44de-a2ca-67926ca8a236,UNKNOWN,1763564542905,USDT,CreateByUser,-0.00958474,0.00055,,,2.293,2.293,,7.6,2.179,17.4268,7.6,Trade,238828173689,Sell,,0,False,0.00958474,9e08c76c-60a6-5bb7-a0c6-1e755d0a28fd,,7.6,,2025-11-19 15:02:22
NEARUSDT,Limit,,,e836eb8a-72b3-4309-85d9-859e3f14bb74,UNKNOWN,1763563613700,USDT,CreateByUser,-0.00342456,0.0002,,,2.258,2.253,,7.6,2.253,17.1228,0,Trade,238824591313,Buy,,0,True,0.00342456,96a0e2e4-b6fe-5f4f-a4cf-f2984bc6ac6d,,7.6,,2025-11-19 14:46:53
NEARUSDT,Market,,,c17d3831-485a-4fbe-bb33-37cf1e50d287,UNKNOWN,1763560917066,USDT,CreateByClosing,-0.0149622,0.00055,,,2.266,2.267,,15,2.379,27.204,12,Trade,238814531340,Buy,,0,False,0.0149622,7bd45535-e1a8-5c58-aeae-2505f89cf807,,12,,2025-11-19 14:01:57
NEARUSDT,Market,,,c17d3831-485a-4fbe-bb33-37cf1e50d287,UNKNOWN,1763560917066,USDT,CreateByClosing,-0.00374055,0.00055,,,2.266,2.267,,15,2.379,6.801,3,Trade,238814531340,Buy,,12,False,0.00374055,b258d6af-9821-5400-8b1f-b5399b2a90dc,,3,,2025-11-19 14:01:57
NEARUSDT,Limit,,,e3de0948-81e7-4c37-bf0d-5f17d462c80d,UNKNOWN,1763546827996,USDT,CreateByUser,-0.0034425,0.0002,,,2.282,2.295,,7.5,2.295,17.2125,0,Trade,238793528401,Sell,,0,True,0.0034425,34833187-b60d-5b4e-96c3-53fafa04b2fa,,7.5,,2025-11-19 10:07:07
NEARUSDT,Limit,,,73eb34bd-8aee-4ff6-923f-2a412dd70fd8,UNKNOWN,1763546635844,USDT,CreateByUser,-0.003423,0.0002,,,2.282,2.282,,7.5,2.282,17.115,0,Trade,238793176461,Sell,,0,True,0.003423,8a0e10d9-6779-513a-869c-8ee2208f68cc,,7.5,,2025-11-19 10:03:55
NEARUSDT,Market,,,d734f542-2df7-4139-a0d5-a68e43cff5f5,UNKNOWN,1763536940546,USDT,CreateByClosing,-0.01893892,0.00055,,,2.237,2.236,,15.4,2.126,34.4344,15.4,Trade,238777262955,Sell,,0,False,0.01893892,168d05cb-2bc1-5f0d-b235-80eacd0c3164,,15.4,,2025-11-19 07:22:20
NEARUSDT,Limit,,,4763f5a7-ce02-4d4f-8a4c-ee2c1d5b70b0,UNKNOWN,1763530879752,USDT,CreateByUser,-0.00339724,0.0002,,,2.22,2.206,,7.7,2.206,16.9862,0,Trade,238762680712,Buy,,0,True,0.00339724,3ba9d5ff-a4bd-5311-9c42-cf99719d8bec,,7.7,,2025-11-19 05:41:19
NEARUSDT,Limit,,,871c80ac-0de3-4885-92dc-774e82d7bb3c,UNKNOWN,1763530601497,USDT,CreateByUser,-0.00341726,0.0002,,,2.233,2.219,,7.7,2.219,17.0863,0,Trade,238761688973,Buy,,0,True,0.00341726,b2a350c4-db12-5ebb-a383-91e6fb356705,,7.7,,2025-11-19 05:36:41
NEARUSDT,Market,,,5b98f593-d1f0-460b-af6a-a85c72f331b2,StopLoss,1763511430076,USDT,CreateByStopLoss,-0.02826516,0.00055,,,2.255,2.254,,22.8,2.17,51.3912,22.8,Trade,238722084408,Sell,,0,False,0.02826516,8a92e6ab-1c7f-56be-b7fb-80f9ad24c6de,,22.8,,2025-11-19 00:17:10
NEARUSDT,UNKNOWN,,,c6968668-35c8-4dd8-a5c4-26941df33d5c,UNKNOWN,1763510400000,USDT,,-0.00518472,0.0001,,,2.275,2.274,,0,0,51.8472,0,Funding,238719996260,Buy,,0,False,0.00518472,cbe99857-2896-4d87-bddd-13b2d6dea9d1,,22.8,,2025-11-19 00:00:00
NEARUSDT,Limit,,,4dbb4395-0530-45b2-9354-4bc976cf8925,UNKNOWN,1763507480763,USDT,CreateByUser,-0.00345496,0.0002,,,2.288,2.273,,7.6,2.273,17.2748,0,Trade,238716513174,Buy,,0,True,0.00345496,15bdfad7-927b-5fa7-8beb-c58c59779973,,7.6,,2025-11-18 23:11:20
NEARUSDT,Limit,,,244a777d-7803-4244-aea7-52b059a7429e,UNKNOWN,1763506982209,USDT,CreateByUser,-0.00347624,0.0002,,,2.293,2.287,,7.6,2.287,17.3812,0,Trade,238715539846,Buy,,0,True,0.00347624,218fb3a2-e5fe-597b-bb93-be89a0eacdbf,,7.6,,2025-11-18 23:03:02
NEARUSDT,Limit,,,1daffc8e-839c-470d-a2b4-94166278acfb,UNKNOWN,1763505576585,USDT,CreateByUser,-0.00348384,0.0002,,,2.301,2.292,,7.6,2.292,17.4192,0,Trade,238714096810,Buy,,0,True,0.00348384,1787c062-11e3-5bda-aef3-d7ed65363b07,,7.6,,2025-11-18 22:39:36
NEARUSDT,Market,,,8d9ca062-3fae-4c69-a362-a7b74aa6a883,StopLoss,1763490742183,USDT,CreateByStopLoss,-0.03051494,0.00055,,,2.34,2.341,,23.7,2.429,55.4817,23.7,Trade,238690170383,Buy,,0,False,0.03051494,fef9d16a-ea80-56fc-a935-29bb39382f72,,23.7,,2025-11-18 18:32:22
NEARUSDT,Limit,,,567a5c85-1d3c-41a6-86a8-d94a7991d741,UNKNOWN,1763489142990,USDT,CreateByUser,-0.00366718,0.0002,,,2.312,2.321,,7.9,2.321,18.3359,0,Trade,238686999833,Sell,,0,True,0.00366718,77827f55-083d-5cd4-ab22-af6525be6090,,7.9,,2025-11-18 18:05:42
NEARUSDT,Limit,,,a5dab709-96b6-448f-aaf3-ad904caf762d,UNKNOWN,1763489008253,USDT,CreateByUser,-0.00365612,0.0002,,,2.306,2.314,,7.9,2.314,18.2806,0,Trade,238686691439,Sell,,0,True,0.00365612,ff7a1baa-4323-577a-a8ba-d3eabda1cdcc,,7.9,,2025-11-18 18:03:28
NEARUSDT,Limit,,,2898f4c7-0600-46f4-9f44-218357736c70,UNKNOWN,1763488422775,USDT,CreateByUser,-0.00364506,0.0002,,,2.294,2.307,,7.9,2.307,18.2253,0,Trade,238685630516,Sell,,0,True,0.00364506,3a310a4b-9bed-5a0c-a149-4e473d8f42d4,,7.9,,2025-11-18 17:53:42
NEARUSDT,Market,,,4632da83-3f04-4b87-b583-53c5c335f5e1,TakeProfit,1763478278995,USDT,CreateByTakeProfit,-0.01768206,0.00055,,,2.201,2.202,,14.6,2.311,32.1492,14.6,Trade,238645385856,Buy,,0,False,0.01768206,6c120605-6021-5140-9733-0418e39131c0,,14.6,,2025-11-18 15:04:38
NEARUSDT,Market,,,eef16b72-97ea-4504-9ed4-3139378e9e22,UNKNOWN,1763477585798,USDT,CreateByUser,-0.010769,0.00055,,,2.225,2.225,,8.8,2.336,19.58,8.8,Trade,238641535611,Buy,,0,False,0.010769,83453d55-d12d-5440-b67d-1721e955fa93,,8.8,,2025-11-18 14:53:05
NEARUSDT,Limit,,,90a9a35d-bdf2-448d-bbbf-e425aeaca198,UNKNOWN,1763476365485,USDT,CreateByUser,-0.00353496,0.0002,,,2.253,2.266,,7.8,2.266,17.6748,0,Trade,238633394894,Sell,,0,True,0.00353496,910d199c-e07d-5ef0-89c5-15859cd94b9b,,7.8,,2025-11-18 14:32:45
NEARUSDT,Limit,,,2f0df4c3-b664-41d4-8d82-c093eedc4eed,UNKNOWN,1763476353881,USDT,CreateByUser,-0.00352248,0.0002,,,2.249,2.258,,7.8,2.258,17.6124,0,Trade,238633215381,Sell,,0,True,0.00352248,5311cf68-7100-59bb-a4ce-afbf3e7765a8,,7.8,,2025-11-18 14:32:33
NEARUSDT,Limit,,,3ab51b57-d892-4f1c-bae9-797fc9d43e4f,UNKNOWN,1763475987701,USDT,CreateByUser,-0.00351156,0.0002,,,2.239,2.251,,7.8,2.251,17.5578,0,Trade,238631002274,Sell,,0,True,0.00351156,4b39bb1c-b914-5fc1-9aed-96b9b4e93d5e,,7.8,,2025-11-18 14:26:27
NEARUSDT,Market,,,2c00e08d-6876-4e2f-a116-211be319c458,StopLoss,1763469678144,USDT,CreateByStopLoss,-0.00849701,0.00055,,,2.239,2.239,,6.9,2.35,15.4491,6.9,Trade,238615734532,Buy,,0,False,0.00849701,e85bb38a-f0e5-5f86-a2bf-ec1e2539cc3e,,6.9,,2025-11-18 12:41:18
NEARUSDT,Market,,,65b2f1e8-10d6-4e35-b9af-9c23c5594080,UNKNOWN,1763466850934,USDT,CreateByUser,-0.01061313,0.00055,,,2.218,2.218,,8.7,2.328,19.2966,8.7,Trade,238609789582,Buy,,0,False,0.01061313,72f23394-1010-5ec9-a16d-4a3e9e346d37,,8.7,,2025-11-18 11:54:10
NEARUSDT,UNKNOWN,,,6da525d3-7754-4ec1-a74e-d8560edf5a7e,UNKNOWN,1763452800000,USDT,,0.00351936,-0.0001,,,2.245,2.256,,0,0,35.1936,0,Funding,238579992810,Sell,,0,False,-0.00351936,05021fa7-7d3b-4454-b6fa-254276edd52f,,15.6,,2025-11-18 08:00:00
NEARUSDT,UNKNOWN,,,321081d0-13c5-4ac8-9295-e555de26bd92,UNKNOWN,1763424000000,USDT,,0.00008708,-0.000002,,,2.245,2.269,,0,0,35.3964,0,Funding,238484016410,Sell,,0,False,-0.00008708,98172bec-2698-4343-9ebc-9045977317ab,,15.6,,2025-11-18 00:00:00
NEARUSDT,Limit,,,d36d2966-dd17-49f3-b1df-ebfded7e422b,UNKNOWN,1763423320304,USDT,CreateByUser,-0.00350376,0.0002,,,2.233,2.246,,7.8,2.246,17.5188,0,Trade,238482851982,Sell,,0,True,0.00350376,27d76a43-8ff0-5fb3-bd79-7d71fd605eab,,7.8,,2025-11-17 23:48:40
NEARUSDT,Limit,,,edaea87d-0499-4c21-96fb-fd9d2d1decaf,UNKNOWN,1763423207878,USDT,CreateByUser,-0.00321552,0.0002,,,2.233,2.233,,7.8,2.233,16.0776,0,Trade,238482590201,Sell,,0,True,0.00321552,09d30593-db54-5510-b1af-f7f581e0c804,,7.2,,2025-11-17 23:46:47
NEARUSDT,Limit,,,edaea87d-0499-4c21-96fb-fd9d2d1decaf,UNKNOWN,1763423206672,USDT,CreateByUser,-0.00026796,0.0002,,,2.209,2.233,,7.8,2.233,1.3398,0,Trade,238482588377,Sell,,7.2,True,0.00026796,be79bf95-7b38-5c70-bace-a17631ec4c41,,0.6,,2025-11-17 23:46:46
NEARUSDT,Market,,,df2d1d01-01f6-441f-8b33-5458938341a6,UNKNOWN,1763420847419,USDT,CreateByUser,-0.00437382,0.00055,,,2.209,2.209,,7.8,2.319,7.9524,3.6,Trade,238477505246,Buy,,4.2,False,0.00437382,c1cf0203-67a7-584d-aa33-8764bde9518e,,3.6,,2025-11-17 23:07:27
NEARUSDT,Market,,,df2d1d01-01f6-441f-8b33-5458938341a6,UNKNOWN,1763420847419,USDT,CreateByUser,-0.00510279,0.00055,,,2.209,2.209,,7.8,2.319,9.2778,4.2,Trade,238477505246,Buy,,0,False,0.00510279,d94f4083-da33-5ce8-87c9-42f37de3cda8,,4.2,,2025-11-17 23:07:27
NEARUSDT,Limit,,,0ceb08b9-b156-4766-8500-79585d73da02,UNKNOWN,1763418756747,USDT,CreateByUser,-0.003471,0.0002,,,2.219,2.225,,7.8,2.225,17.355,0,Trade,238474558196,Sell,,0,True,0.003471,44d8106c-9a21-5f36-b7f5-bd2deab5e849,,7.8,,2025-11-17 22:32:36
NEARUSDT,Market,,,5b12ce21-3233-4793-9988-9e25e3fe2155,StopLoss,1763399687237,USDT,CreateByStopLoss,-0.0002563,0.00055,,,2.329,2.33,,22.5,2.41,0.466,0.2,Trade,238398178034,Buy,,11.1,False,0.0002563,bd2c6f1a-575f-5704-9ee9-25f1f21fcb23,,0.2,,2025-11-17 17:14:47
NEARUSDT,Market,,,5b12ce21-3233-4793-9988-9e25e3fe2155,StopLoss,1763399687237,USDT,CreateByStopLoss,-0.00012815,0.00055,,,2.329,2.33,,22.5,2.41,0.233,0.1,Trade,238398178034,Buy,,21.2,False,0.00012815,9ee18956-06a2-5f96-b366-9b692b624c10,,0.1,,2025-11-17 17:14:47
NEARUSDT,Market,,,5b12ce21-3233-4793-9988-9e25e3fe2155,StopLoss,1763399687237,USDT,CreateByStopLoss,-0.00038445,0.00055,,,2.329,2.33,,22.5,2.41,0.699,0.3,Trade,238398178034,Buy,,22.2,False,0.00038445,df6626e9-b39f-50e8-93c8-97433c3db4df,,0.3,,2025-11-17 17:14:47
NEARUSDT,Market,,,5b12ce21-3233-4793-9988-9e25e3fe2155,StopLoss,1763399687237,USDT,CreateByStopLoss,-0.002563,0.00055,,,2.329,2.33,,22.5,2.41,4.66,2,Trade,238398178034,Buy,,9.1,False,0.002563,104dbb2a-eeb2-58e2-b6df-01bcf0346a23,,2,,2025-11-17 17:14:47
NEARUSDT,Market,,,5b12ce21-3233-4793-9988-9e25e3fe2155,StopLoss,1763399687237,USDT,CreateByStopLoss,-0.00012815,0.00055,,,2.329,2.33,,22.5,2.41,0.233,0.1,Trade,238398178034,Buy,,21.3,False,0.00012815,6937fda6-b7c8-57c7-be49-bd893506c57e,,0.1,,2025-11-17 17:14:47
NEARUSDT,Market,,,5b12ce21-3233-4793-9988-9e25e3fe2155,StopLoss,1763399687237,USDT,CreateByStopLoss,-0.0010252,0.00055,,,2.329,2.33,,22.5,2.41,1.864,0.8,Trade,238398178034,Buy,,21.4,False,0.0010252,41ee6292-6e14-5390-bf0d-6dab21a416a4,,0.8,,2025-11-17 17:14:47
NEARUSDT,Market,,,5b12ce21-3233-4793-9988-9e25e3fe2155,StopLoss,1763399687237,USDT,CreateByStopLoss,-0.00012815,0.00055,,,2.329,2.33,,22.5,2.41,0.233,0.1,Trade,238398178034,Buy,,21.1,False,0.00012815,85a437ad-3155-54fc-9b73-27924b98796f,,0.1,,2025-11-17 17:14:47
NEARUSDT,Market,,,5b12ce21-3233-4793-9988-9e25e3fe2155,StopLoss,1763399687237,USDT,CreateByStopLoss,-0.0125587,0.00055,,,2.329,2.33,,22.5,2.41,22.834,9.8,Trade,238398178034,Buy,,11.3,False,0.0125587,f1418d0c-979c-548f-be5e-401c8af38465,,9.8,,2025-11-17 17:14:47
NEARUSDT,Market,,,5b12ce21-3233-4793-9988-9e25e3fe2155,StopLoss,1763399687237,USDT,CreateByStopLoss,-0.01166165,0.00055,,,2.329,2.33,,22.5,2.41,21.203,9.1,Trade,238398178034,Buy,,0,False,0.01166165,c2408aba-452d-57fc-978a-6bf0f6dd342e,,9.1,,2025-11-17 17:14:47
NEARUSDT,Limit,,,1dbd1952-b435-45c0-8369-0c56e1df020f,UNKNOWN,1763398591675,USDT,CreateByUser,-0.0034635,0.0002,,,2.295,2.309,,7.5,2.309,17.3175,0,Trade,238393333304,Sell,,0,True,0.0034635,855e22d2-79f5-5b5f-bc21-09e1eea88f6b,,7.5,,2025-11-17 16:56:31
NEARUSDT,Limit,,,fb50b2fa-036b-4aae-b508-1ab80688ba76,UNKNOWN,1763397702961,USDT,CreateByUser,-0.003444,0.0002,,,2.279,2.296,,7.5,2.296,17.22,0,Trade,238388900439,Sell,,0,True,0.003444,c9c75127-5772-59f3-8d12-ac22359db4e5,,7.5,,2025-11-17 16:41:42
NEARUSDT,Limit,,,acdc6ef6-3d5f-438c-9db0-9c63fee8e0b1,UNKNOWN,1763397617671,USDT,CreateByUser,-0.003423,0.0002,,,2.267,2.282,,7.5,2.282,17.115,0,Trade,238388401060,Sell,,0,True,0.003423,1b42f367-3d27-51b9-b58f-de6bfc27b0a6,,7.5,,2025-11-17 16:40:17
NEARUSDT,Market,,,74474258-0165-400d-8543-14bdd8082e1e,TakeProfit,1763389959311,USDT,CreateByTakeProfit,-0.01824416,0.00055,,,2.273,2.272,,14.6,2.16,33.1712,14.6,Trade,238337649766,Sell,,0,False,0.01824416,6db4f39d-9192-5381-9352-9c0bdea1c3c4,,14.6,,2025-11-17 14:32:39
NEARUSDT,Limit,,,da79e19f-397d-4ab3-9eab-4ec0f4ffc2e0,UNKNOWN,1763387533373,USDT,CreateByUser,-0.00324996,0.0002,,,2.242,2.226,,7.3,2.226,16.2498,0,Trade,238325800277,Buy,,0,True,0.00324996,7b1bd6b3-1840-526f-a3f5-18fa02b9573d,,7.3,,2025-11-17 13:52:13
NEARUSDT,Limit,,,458846c2-5d7d-433f-883e-521300120217,UNKNOWN,1763387252641,USDT,CreateByUser,-0.0032704,0.0002,,,2.254,2.24,,7.3,2.24,16.352,0,Trade,238324750879,Buy,,0,True,0.0032704,1c405254-2166-5f87-90b3-2698335d5686,,7.3,,2025-11-17 13:47:32
NEARUSDT,Market,,,0816948c-28d9-4bcf-828c-86fda38bb3b3,TakeProfit,1763385919370,USDT,CreateByTakeProfit,-0.00697928,0.00055,,,2.266,2.266,,5.6,2.379,12.6896,5.6,Trade,238319830639,Buy,,0,False,0.00697928,5b5de8a0-e740-5a5d-a79f-ce17d7cfb22f,,5.6,,2025-11-17 13:25:19
NEARUSDT,Market,,,dfec6240-902d-4ee9-aa7f-21da4c67f401,UNKNOWN,1763385260053,USDT,CreateByUser,-0.00975975,0.00055,,,2.276,2.275,,7.8,2.389,17.745,7.8,Trade,238318268740,Buy,,0,False,0.00975975,000da258-55e0-5628-b998-18f30e35473c,,7.8,,2025-11-17 13:14:20
NEARUSDT,Limit,,,14bbc62d-b5d0-4d64-b9e9-8f491192fa5b,UNKNOWN,1763376551272,USDT,CreateByUser,-0.00311148,0.0002,,,2.315,2.322,,6.7,2.322,15.5574,0,Trade,238302243513,Sell,,0,True,0.00311148,7870d908-97a9-5a94-963b-1d5a5e9d1520,,6.7,,2025-11-17 10:49:11
NEARUSDT,Limit,,,50560e91-acdb-4c23-881b-68cf3ed5faf6,UNKNOWN,1763376532533,USDT,CreateByUser,-0.00310344,0.0002,,,2.308,2.316,,6.7,2.316,15.5172,0,Trade,238302209764,Sell,,0,True,0.00310344,f201ad07-d41d-5e82-81b4-8ca0ca2a705c,,6.7,,2025-11-17 10:48:52
NEARUSDT,Market,,,702dfa24-707a-4d6d-866f-06ace8f98bc7,StopLoss,1763364060395,USDT,CreateByStopLoss,-0.01062732,0.00055,,,2.328,2.328,,12.7,2.444,19.3224,8.3,Trade,238279087396,Buy,,0,False,0.01062732,be6284f5-491f-5242-9839-d05bb7736ced,,8.3,,2025-11-17 07:21:00
NEARUSDT,Market,,,702dfa24-707a-4d6d-866f-06ace8f98bc7,StopLoss,1763364060395,USDT,CreateByStopLoss,-0.00563376,0.00055,,,2.328,2.328,,12.7,2.444,10.2432,4.4,Trade,238279087396,Buy,,8.3,False,0.00563376,23cd38be-a250-5381-a804-c53ab0209246,,4.4,,2025-11-17 07:21:00
NEARUSDT,Market,,,dea92250-2229-46a0-b8fc-830dd36f1ce5,UNKNOWN,1763361396238,USDT,CreateByUser,-0.010098,0.00055,,,2.295,2.295,,8,2.409,18.36,8,Trade,238273648797,Buy,,0,False,0.010098,a8efff1c-cf59-53f6-a725-2c8f72f9df48,,8,,2025-11-17 06:36:36
NEARUSDT,Limit,,,417ae5ce-96bb-4862-94ed-ee93118cf1fc,UNKNOWN,1763345547100,USDT,CreateByUser,-0.00323058,0.0002,,,2.327,2.341,,6.9,2.341,16.1529,0,Trade,238246091664,Sell,,0,True,0.00323058,c33942b6-19d8-52de-ac97-bde7daa739dd,,6.9,,2025-11-17 02:12:27
NEARUSDT,Limit,,,76cdb2d0-1b2a-43a9-b682-d99ff1d1c5f2,UNKNOWN,1763343434422,USDT,CreateByUser,-0.00321126,0.0002,,,2.315,2.327,,6.9,2.327,16.0563,0,Trade,238241792005,Sell,,0,True,0.00321126,c42bc9dd-3571-523a-9d60-9ef620196e30,,6.9,,2025-11-17 01:37:14
NEARUSDT,Limit,,,2e59a805-ed4b-484b-aaad-b2e20a1663f9,UNKNOWN,1763340656095,USDT,CreateByUser,-0.00319608,0.0002,,,2.313,2.316,,6.9,2.316,15.9804,0,Trade,238234619383,Sell,,0,True,0.00319608,9226eebc-f3a9-5937-abda-f27c2b728193,,6.9,,2025-11-17 00:50:56
NEARUSDT,Market,,,350cdec1-3186-4607-a7bb-bd8ae669d70a,TakeProfit,1763316063367,USDT,CreateByTakeProfit,-0.00851235,0.00055,,,2.308,2.31,,6.7,2.193,15.477,6.7,Trade,238165989697,Sell,,0,False,0.00851235,6b2ee069-f804-5304-9fdb-e9b5a8e55099,,6.7,,2025-11-16 18:01:03
NEARUSDT,Limit,,,dd020b13-6c3d-4259-aa8a-63f2161d7241,UNKNOWN,1763314414392,USDT,CreateByUser,-0.00304716,0.0002,,,2.289,2.274,,6.7,2.274,15.2358,0,Trade,238160043265,Buy,,0,True,0.00304716,18a1d49d-5a28-5bf8-8998-6db4493cbec6,,6.7,,2025-11-16 17:33:34
NEARUSDT,Market,,,47e576f4-5b4b-4129-8f7a-d2f4d0d846f3,StopLoss,1763311097250,USDT,CreateByStopLoss,-0.00868428,0.00055,,,2.323,2.322,,18.9,2.258,15.7896,6.8,Trade,238148246089,Sell,,0,False,0.00868428,a460f8fc-b14b-5880-a2e7-df5ed8aa87e2,,6.8,,2025-11-16 16:38:17
NEARUSDT,Market,,,47e576f4-5b4b-4129-8f7a-d2f4d0d846f3,StopLoss,1763311097250,USDT,CreateByStopLoss,-0.00561924,0.00055,,,2.323,2.322,,18.9,2.258,10.2168,4.4,Trade,238148246089,Sell,,6.8,False,0.00561924,90178d7d-617f-50e1-b208-7cf7cef16871,,4.4,,2025-11-16 16:38:17
NEARUSDT,Market,,,47e576f4-5b4b-4129-8f7a-d2f4d0d846f3,StopLoss,1763311097250,USDT,CreateByStopLoss,-0.00983367,0.00055,,,2.323,2.322,,18.9,2.258,17.8794,7.7,Trade,238148246089,Sell,,11.2,False,0.00983367,de024efd-3367-59b6-a164-af35f32e3890,,7.7,,2025-11-16 16:38:17
NEARUSDT,UNKNOWN,,,77e3634e-a969-4ce4-b7be-0ba2353fec01,UNKNOWN,1763308800000,USDT,,-0.0044226,0.0001,,,2.344,2.34,,0,0,44.226,0,Funding,238139114390,Buy,,0,False,0.0044226,9f5781b1-ae11-4bda-9f22-94d67ae16e43,,18.9,,2025-11-16 16:00:00
NEARUSDT,Limit,,,ad1425eb-a326-4b09-9663-bb672e99e73f,UNKNOWN,1763308411159,USDT,CreateByUser,-0.00295092,0.0002,,,2.392,2.342,,6.3,2.342,14.7546,0,Trade,238136331587,Buy,,0,True,0.00295092,f67b558b-b602-58fb-b104-e28c51fb40dd,,6.3,,2025-11-16 15:53:31
NEARUSDT,Limit,,,1e339b29-a8f4-43d7-a9c1-2fa433f6c5c1,UNKNOWN,1763305514222,USDT,CreateByUser,-0.00300636,0.0002,,,2.402,2.386,,6.3,2.386,15.0318,0,Trade,238130387362,Buy,,0,True,0.00300636,65bd5f5e-0f49-5b8c-b617-3a174df9eaa4,,6.3,,2025-11-16 15:05:14
NEARUSDT,Limit,,,ca130dd3-c8a7-4821-98c2-4ce0428d08a9,UNKNOWN,1763305361063,USDT,CreateByUser,-0.003024,0.0002,,,2.417,2.4,,6.3,2.4,15.12,0,Trade,238130032485,Buy,,0,True,0.003024,7924f2fd-c42d-5d22-8449-7861fa7d6e46,,6.3,,2025-11-16 15:02:41
NEARUSDT,Market,,,ce18cf26-a247-43c5-8d19-9395b1335624,TakeProfit,1763300212232,USDT,CreateByTakeProfit,-0.01405635,0.00055,,,2.434,2.434,,10.5,2.555,25.557,10.5,Trade,238119931140,Buy,,0,False,0.01405635,1bc93ebc-5c77-5501-9468-a866c1778240,,10.5,,2025-11-16 13:36:52
NEARUSDT,Market,,,600a431f-3004-41d3-a1c6-a571631aec8a,UNKNOWN,1763300030794,USDT,CreateByUser,-0.01008975,0.00055,,,2.446,2.446,,7.5,2.568,18.345,7.5,Trade,238119578950,Buy,,0,False,0.01008975,64b6d616-4db2-598b-b444-c35d6e7e81ff,,7.5,,2025-11-16 13:33:50
NEARUSDT,Limit,,,fe76dfd2-b1b3-49c2-8823-b08e07a972ac,UNKNOWN,1763297877012,USDT,CreateByUser,-0.0030108,0.0002,,,2.492,2.509,,6,2.509,15.054,0,Trade,238115535364,Sell,,0,True,0.0030108,e7a8a3bd-2d90-5c7b-b99d-a9ed10d0ce88,,6,,2025-11-16 12:57:57
NEARUSDT,Limit,,,bf5c9fe4-0963-4959-99e0-a1116ab6494a,UNKNOWN,1763297559778,USDT,CreateByUser,-0.0029928,0.0002,,,2.486,2.494,,6,2.494,14.964,0,Trade,238114926833,Sell,,0,True,0.0029928,de25d38b-91b9-5315-a127-8aa629c4569e,,6,,2025-11-16 12:52:39
NEARUSDT,Limit,,,2c510324-0cde-4913-bdab-4de891742f27,UNKNOWN,1763297555279,USDT,CreateByUser,-0.0029844,0.0002,,,2.479,2.487,,6,2.487,14.922,0,Trade,238114914066,Sell,,0,True,0.0029844,2ad4aafa-7126-5d67-a2b4-48eb704f7979,,6,,2025-11-16 12:52:35
NEARUSDT,Market,,,64cf466f-1bcc-494d-ac96-9c6522ac6c26,StopLoss,1763287942442,USDT,CreateByStopLoss,-0.0259842,0.00055,,,2.54,2.54,,18.6,2.632,47.244,18.6,Trade,238095991713,Buy,,0,False,0.0259842,996b6d26-3ed0-5b05-839f-9d7f676b53db,,18.6,,2025-11-16 10:12:22
NEARUSDT,Limit,,,17bab113-76de-492e-8d34-0a96693eb4b7,UNKNOWN,1763287863070,USDT,CreateByUser,-0.0031248,0.0002,,,2.495,2.52,,6.2,2.52,15.624,0,Trade,238095857007,Sell,,0,True,0.0031248,3b23c83c-a0ab-52ca-8afd-44efb717d5e4,,6.2,,2025-11-16 10:11:03
NEARUSDT,Limit,,,d67b2901-717d-4ef4-9af8-9086af629443,UNKNOWN,1763286688715,USDT,CreateByUser,-0.0031062,0.0002,,,2.491,2.505,,6.2,2.505,15.531,0,Trade,238093327363,Sell,,0,True,0.0031062,4aa21d83-d175-5bf9-a715-599954be77c1,,6.2,,2025-11-16 09:51:28
NEARUSDT,Limit,,,de4d9f7b-f0d5-403e-aa6c-5a1877c87c1a,UNKNOWN,1763286684704,USDT,CreateByUser,-0.00309504,0.0002,,,2.491,2.496,,6.2,2.496,15.4752,0,Trade,238093238460,Sell,,0,True,0.00309504,59ebea5b-18ae-5b9f-a59c-7d06bd288bde,,6.2,,2025-11-16 09:51:24
NEARUSDT,Market,,,22378640-e398-4a53-9f30-1d3f6f0e5d86,TakeProfit,1763276907217,USDT,CreateByTakeProfit,-0.00852044,0.00055,,,2.459,2.459,,6.3,2.581,15.4917,6.3,Trade,238081174714,Buy,,0,False,0.00852044,bb47d43e-7b04-52a7-a69e-43a1bb4a6398,,6.3,,2025-11-16 07:08:27
NEARUSDT,Limit,,,849e6eb8-29a1-47aa-b201-868f021591a2,UNKNOWN,1763271339725,USDT,CreateByUser,-0.00314748,0.0002,,,2.484,2.498,,6.3,2.498,15.7374,0,Trade,238074137997,Sell,,0,True,0.00314748,54769bb9-d419-5b2b-a51f-cba285a65544,,6.3,,2025-11-16 05:35:39
NEARUSDT,Market,,,50aa0f7b-c119-4d73-ae74-ea8f1b1a8425,TakeProfit,1763270163176,USDT,CreateByTakeProfit,-0.0113421,0.00055,,,2.456,2.455,,12.2,2.334,20.622,8.4,Trade,238072000195,Sell,,3.8,False,0.0113421,42335632-768f-54b9-962b-0b1dc3248f9c,,8.4,,2025-11-16 05:16:03
NEARUSDT,Market,,,50aa0f7b-c119-4d73-ae74-ea8f1b1a8425,TakeProfit,1763270163176,USDT,CreateByTakeProfit,-0.00512886,0.00055,,,2.456,2.454,,12.2,2.334,9.3252,3.8,Trade,238072000195,Sell,,0,False,0.00512886,e902a030-7c1a-57f6-88ae-11ec8d08caef,,3.8,,2025-11-16 05:16:03
NEARUSDT,UNKNOWN,,,05ccb748-fe28-4223-9a4e-dc14930122e6,UNKNOWN,1763251200000,USDT,,-0.0029341,0.0001,,,2.409,2.405,,0,0,29.341,0,Funding,238037877058,Buy,,0,False,0.0029341,07ccdcc3-b1a0-4364-b25d-3ecdd5a656a8,,12.2,,2025-11-16 00:00:00
NEARUSDT,Limit,,,b2769fbc-f747-4ec3-a35d-af00b3562e04,UNKNOWN,1763242898169,USDT,CreateByUser,-0.00293532,0.0002,,,2.422,2.406,,6.1,2.406,14.6766,0,Trade,238027778749,Buy,,0,True,0.00293532,e55fb49c-b10f-575a-92a3-3312f7697cb1,,6.1,,2025-11-15 21:41:38
NEARUSDT,Limit,,,11ca4699-c1e1-4d1f-97c4-db6d98e8a19b,UNKNOWN,1763240010805,USDT,CreateByUser,-0.00295362,0.0002,,,2.436,2.421,,6.1,2.421,14.7681,0,Trade,238023651576,Buy,,0,True,0.00295362,4255041c-0336-5ffa-b11f-a7ea7cb3738d,,6.1,,2025-11-15 20:53:30
NEARUSDT,Market,,,8c6c5e0b-53d2-479e-915c-4b4792a62d17,StopLoss,1763237807265,USDT,CreateByStopLoss,-0.02248092,0.00055,,,2.433,2.433,,16.8,2.339,40.8744,16.8,Trade,238020318819,Sell,,0,False,0.02248092,8cdd3e1f-6467-5c00-9a4d-225a9d293c0e,,16.8,,2025-11-15 20:16:47
NEARUSDT,Limit,,,3fca2d52-4de9-406b-9a6e-f15241c33363,UNKNOWN,1763223517942,USDT,CreateByUser,-0.00274736,0.0002,,,2.463,2.453,,5.6,2.453,13.7368,0,Trade,237998294664,Buy,,0,True,0.00274736,83dbbaae-0ba5-59f4-955f-c92789e02220,,5.6,,2025-11-15 16:18:37
NEARUSDT,Limit,,,a312f18e-76ae-4cba-8457-647c402efef0,UNKNOWN,1763223360945,USDT,CreateByUser,-0.00182188,0.0002,,,2.463,2.462,,5.6,2.462,9.1094,0,Trade,237997906355,Buy,,0,True,0.00182188,0c07cfb7-382c-5044-b6a8-cc9519c6b0fa,,3.7,,2025-11-15 16:16:00
NEARUSDT,Limit,,,a312f18e-76ae-4cba-8457-647c402efef0,UNKNOWN,1763223311462,USDT,CreateByUser,-0.00093556,0.0002,,,2.472,2.462,,5.6,2.462,4.6778,0,Trade,237997809088,Buy,,3.7,True,0.00093556,3425c2ff-d9d5-50a6-83dc-056b30aedc93,,1.9,,2025-11-15 16:15:11
NEARUSDT,Limit,,,99ae0535-fd17-4bea-ae1d-6b2a0094b74c,UNKNOWN,1763222848282,USDT,CreateByUser,-0.0027664,0.0002,,,2.484,2.47,,5.6,2.47,13.832,0,Trade,237996802494,Buy,,0,True,0.0027664,bda9988c-9c9b-537f-9a97-ca4588ed8bcf,,5.6,,2025-11-15 16:07:28
NEARUSDT,Market,,,721f10bb-a55e-466e-8320-d20518552f0d,StopLoss,1763217024411,USDT,CreateByStopLoss,-0.00163416,0.00055,,,2.477,2.476,,16.5,2.386,2.9712,1.2,Trade,237986559465,Sell,,0,False,0.00163416,bae0b45d-7774-5721-a781-5a311eeb9f8f,,1.2,,2025-11-15 14:30:24
NEARUSDT,Market,,,721f10bb-a55e-466e-8320-d20518552f0d,StopLoss,1763217024411,USDT,CreateByStopLoss,-0.0013618,0.00055,,,2.477,2.476,,16.5,2.386,2.476,1,Trade,237986559465,Sell,,4.4,False,0.0013618,a4e1f080-c9b4-51ce-95a7-53313ebd6758,,1,,2025-11-15 14:30:24
NEARUSDT,Market,,,721f10bb-a55e-466e-8320-d20518552f0d,StopLoss,1763217024411,USDT,CreateByStopLoss,-0.00149798,0.00055,,,2.477,2.476,,16.5,2.386,2.7236,1.1,Trade,237986559465,Sell,,5.4,False,0.00149798,2b702ac4-eb92-5f47-99a5-3b0b2f840462,,1.1,,2025-11-15 14:30:24
NEARUSDT,Market,,,721f10bb-a55e-466e-8320-d20518552f0d,StopLoss,1763217024411,USDT,CreateByStopLoss,-0.00013618,0.00055,,,2.477,2.476,,16.5,2.386,0.2476,0.1,Trade,237986559465,Sell,,6.5,False,0.00013618,2b67226c-9e5e-5e06-b4cf-6dd67bcba909,,0.1,,2025-11-15 14:30:24
NEARUSDT,Market,,,721f10bb-a55e-466e-8320-d20518552f0d,StopLoss,1763217024411,USDT,CreateByStopLoss,-0.00163416,0.00055,,,2.477,2.476,,16.5,2.386,2.9712,1.2,Trade,237986559465,Sell,,6.6,False,0.00163416,dd41dd02-548c-5867-b272-04c86900d4e6,,1.2,,2025-11-15 14:30:24
NEARUSDT,Market,,,721f10bb-a55e-466e-8320-d20518552f0d,StopLoss,1763217024411,USDT,CreateByStopLoss,-0.00040854,0.00055,,,2.477,2.476,,16.5,2.386,0.7428,0.3,Trade,237986559465,Sell,,7.8,False,0.00040854,78b6cdb2-665b-5e90-aada-50f54efb0b4a,,0.3,,2025-11-15 14:30:24
NEARUSDT,Market,,,721f10bb-a55e-466e-8320-d20518552f0d,StopLoss,1763217024411,USDT,CreateByStopLoss,-0.00040854,0.00055,,,2.477,2.476,,16.5,2.386,0.7428,0.3,Trade,237986559465,Sell,,8.1,False,0.00040854,d74b4614-e067-5c35-bd26-227e17cdb99c,,0.3,,2025-11-15 14:30:24
NEARUSDT,Market,,,721f10bb-a55e-466e-8320-d20518552f0d,StopLoss,1763217024411,USDT,CreateByStopLoss,-0.01103058,0.00055,,,2.477,2.476,,16.5,2.386,20.0556,8.1,Trade,237986559465,Sell,,8.4,False,0.01103058,d67fd5ee-d457-5dca-9b00-ffc375477baf,,8.1,,2025-11-15 14:30:24
NEARUSDT,Market,,,721f10bb-a55e-466e-8320-d20518552f0d,StopLoss,1763217024411,USDT,CreateByStopLoss,-0.00435776,0.00055,,,2.477,2.476,,16.5,2.386,7.9232,3.2,Trade,237986559465,Sell,,1.2,False,0.00435776,fb80d2f6-7ee5-53c1-8aeb-cbfba73e7425,,3.2,,2025-11-15 14:30:24
NEARUSDT,Limit,,,6ac41d16-9deb-4a91-9401-ae9f5ebfde58,UNKNOWN,1763215651522,USDT,CreateByUser,-0.0004994,0.0002,,,2.514,2.497,,5.5,2.497,2.497,0,Trade,237983547783,Buy,,4.5,True,0.0004994,27f74b33-5c2f-5153-9068-ead12a435525,,1,,2025-11-15 14:07:31
NEARUSDT,Limit,,,6ac41d16-9deb-4a91-9401-ae9f5ebfde58,UNKNOWN,1763215651522,USDT,CreateByUser,-0.0022473,0.0002,,,2.501,2.497,,5.5,2.497,11.2365,0,Trade,237983547784,Buy,,0,True,0.0022473,9d11ff81-27dd-5298-95ac-553bf7eae8bf,,4.5,,2025-11-15 14:07:31
NEARUSDT,Limit,,,1db7245d-2e01-40ad-a203-f54533dcfab7,UNKNOWN,1763214364790,USDT,CreateByUser,-0.0027632,0.0002,,,2.525,2.512,,5.5,2.512,13.816,0,Trade,237980232654,Buy,,0,True,0.0027632,4c5ce621-6a22-5ea5-9962-64613d210b12,,5.5,,2025-11-15 13:46:04
NEARUSDT,Limit,,,b0dca097-c2a2-4417-a21a-834bd791d40a,UNKNOWN,1763210640103,USDT,CreateByUser,-0.0027764,0.0002,,,2.528,2.524,,5.5,2.524,13.882,0,Trade,237970098900,Buy,,0,True,0.0027764,a76fb6b1-b613-5aac-a2e9-96529e4f629e,,5.5,,2025-11-15 12:44:00
NEARUSDT,Market,,,982fb5f5-0163-4de7-b5b3-fcfe2b25bd3b,TakeProfit,1763152658274,USDT,CreateByTakeProfit,-0.00684684,0.00055,,,2.394,2.394,,5.2,2.513,12.4488,5.2,Trade,237848223651,Buy,,0,False,0.00684684,9a36a29a-3f8b-52a6-944d-1f7b6d1312d4,,5.2,,2025-11-14 20:37:38
NEARUSDT,Limit,,,b0819417-a2b0-4346-85de-9fc22df1f0bd,UNKNOWN,1763149653133,USDT,CreateByUser,-0.00253968,0.0002,,,2.441,2.442,,5.2,2.442,12.6984,0,Trade,237840883955,Sell,,0,True,0.00253968,e1d81dfe-1bd9-5dd6-8cff-a25cec51413d,,5.2,,2025-11-14 19:47:33
NEARUSDT,Market,,,be63d5b8-e579-40e2-a498-61430b5e2617,StopLoss,1763147926403,USDT,CreateByStopLoss,-0.00549544,0.00055,,,2.437,2.437,,4.1,2.558,9.9917,4.1,Trade,237836513612,Buy,,0,False,0.00549544,0ed2c9eb-5a39-5912-a100-8f5c4f58fd01,,4.1,,2025-11-14 19:18:46
NEARUSDT,Market,,,1dca0592-214b-427f-a4c1-3c865d255ded,UNKNOWN,1763142646550,USDT,CreateByUser,-0.00408689,0.00055,,,2.396,2.397,,6.3,2.515,7.4307,3.1,Trade,237820666952,Buy,,0,False,0.00408689,2cbffb80-c3c4-56d9-af46-4499cc1f77cd,,3.1,,2025-11-14 17:50:46
NEARUSDT,Market,,,1dca0592-214b-427f-a4c1-3c865d255ded,UNKNOWN,1763142646550,USDT,CreateByUser,-0.00421872,0.00055,,,2.396,2.397,,6.3,2.515,7.6704,3.2,Trade,237820666952,Buy,,3.1,False,0.00421872,e7173c8f-d5af-52f1-b883-3069ed7a8647,,3.2,,2025-11-14 17:50:46
NEARUSDT,Limit,,,a7b00dd6-3b7a-484d-9ff5-dd6a3f3c029d,UNKNOWN,1763137712806,USDT,CreateByUser,-0.00254176,0.0002,,,2.429,2.444,,5.2,2.444,12.7088,0,Trade,237806238580,Sell,,0,True,0.00254176,235700e7-9519-5883-8d75-0e6d23b68343,,5.2,,2025-11-14 16:28:32
NEARUSDT,Limit,,,d07a6bd3-7e6b-43ec-896c-0a923626f178,UNKNOWN,1763137617586,USDT,CreateByUser,-0.0025272,0.0002,,,2.43,2.43,,5.2,2.43,12.636,0,Trade,237805809607,Sell,,0,True,0.0025272,ed3e25fb-5bcb-5e4f-850a-fd0206e8e75b,,5.2,,2025-11-14 16:26:57
NEARUSDT,Market,,,3a7c1d15-dd9e-472c-8f64-5ecd1ecdc6dd,StopLoss,1763135285399,USDT,CreateByStopLoss,-0.0074294,0.00055,,,2.456,2.456,,5.5,2.558,13.508,5.5,Trade,237797331460,Buy,,0,False,0.0074294,553f0491-b372-552a-8ea3-c409a80c4f1d,,5.5,,2025-11-14 15:48:05
NEARUSDT,Limit,,,131878e9-7d62-479e-a442-07d974877494,UNKNOWN,1763131447749,USDT,CreateByUser,-0.0026807,0.0002,,,2.368,2.437,,5.5,2.437,13.4035,0,Trade,237776782605,Sell,,0,True,0.0026807,af295b73-e823-593b-85f2-29e81fd5673a,,5.5,,2025-11-14 14:44:07
NEARUSDT,Market,,,b8a83da6-14f2-4274-b7a2-fd962aae956e,TakeProfit,1763130796401,USDT,CreateByTakeProfit,-0.00560032,0.00055,,,2.368,2.368,,4.3,2.486,10.1824,4.3,Trade,237770499097,Buy,,0,False,0.00560032,286928dc-574f-5391-b66d-4d2950f3d206,,4.3,,2025-11-14 14:33:16
NEARUSDT,Market,,,6ae1e256-1998-4268-bf63-b9f4337d2387,UNKNOWN,1763130477271,USDT,CreateByUser,-0.00881821,0.00055,,,2.392,2.393,,6.7,2.511,16.0331,6.7,Trade,237768268906,Buy,,0,False,0.00881821,eb06b73d-0f8f-5d4c-890c-ada575f9cb32,,6.7,,2025-11-14 14:27:57
NEARUSDT,Limit,,,c89c0a70-96f2-4f2e-95ba-3e27a3828d92,UNKNOWN,1763129247335,USDT,CreateByUser,-0.0026719,0.0002,,,2.421,2.429,,5.5,2.429,13.3595,0,Trade,237763367076,Sell,,0,True,0.0026719,5246be43-5cfc-5b7b-a94e-9ffd32312f3a,,5.5,,2025-11-14 14:07:27
NEARUSDT,Limit,,,a1530520-8c70-4087-8cfe-41161df6b16f,UNKNOWN,1763126848622,USDT,CreateByUser,-0.0026631,0.0002,,,2.407,2.421,,5.5,2.421,13.3155,0,Trade,237752448527,Sell,,0,True,0.0026631,6fefa3e0-7b28-50a7-bdc7-bc9f1c0036aa,,5.5,,2025-11-14 13:27:28
NEARUSDT,Market,,,58fcb9b7-882e-4782-9790-dfd3ab92f87b,TakeProfit,1763125365290,USDT,CreateByTakeProfit,-0.0072842,0.00055,,,2.409,2.408,,5.5,2.289,13.244,5.5,Trade,237746460764,Sell,,0,False,0.0072842,34bc749f-1472-5c22-a23a-0d7e48f00698,,5.5,,2025-11-14 13:02:45
NEARUSDT,Limit,,,c88b9735-8050-480a-a403-5a972aa562ad,UNKNOWN,1763113569960,USDT,CreateByUser,-0.0026004,0.0002,,,2.366,2.364,,5.5,2.364,13.002,0,Trade,237709552884,Buy,,0,True,0.0026004,4f33ea1c-56e6-5798-95da-cc9e1f057965,,5.5,,2025-11-14 09:46:09
NEARUSDT,Market,,,ade79bd4-b4f7-4380-85b0-4c1d92a0bb31,UNKNOWN,1763108775349,USDT,CreateByUser,-0.00654775,0.00055,,,2.382,2.381,,5,2.501,11.905,5,Trade,237696709095,Buy,,0,False,0.00654775,f6f7271c-7268-5afb-b4d3-9a71046d6edd,,5,,2025-11-14 08:26:15
NEARUSDT,UNKNOWN,,,80bebf37-9457-4f73-9382-3795cc972f56,UNKNOWN,1763107200000,USDT,,0.001198,-0.0001,,,2.415,2.396,,0,0,11.98,0,Funding,237692524156,Sell,,0,False,-0.001198,3c62f01e-cd4f-4591-87ae-fda5c7ba98db,,5,,2025-11-14 08:00:00
NEARUSDT,Limit,,,090c43e8-48d6-4dd2-aeb2-a2ab9f0b294c,UNKNOWN,1763106420552,USDT,CreateByUser,-0.002416,0.0002,,,2.401,2.416,,5,2.416,12.08,0,Trade,237690278808,Sell,,0,True,0.002416,3f9a3117-cc12-50ce-bb87-32cdb12f3646,,5,,2025-11-14 07:47:00
NEARUSDT,Market,,,7da4f5cf-30e0-4886-8a5d-1ee22108af3c,UNKNOWN,1762990972942,USDT,CreateByUser,-0.00582813,0.00055,,,2.523,2.523,,4.2,2.649,10.5966,4.2,Trade,237360799895,Buy,,0,False,0.00582813,5837d6e9-7292-5a3e-acdd-3b2e74169402,,4.2,,2025-11-12 23:42:52
NEARUSDT,Limit,,,d1a67cbe-8229-40f4-82e0-ddeddef903a3,UNKNOWN,1762983665174,USDT,CreateByUser,-0.0021588,0.0002,,,2.563,2.57,,4.2,2.57,10.794,0,Trade,237350000343,Sell,,0,True,0.0021588,b3fa8954-1545-585b-be45-6f9dcb8caa62,,4.2,,2025-11-12 21:41:05
NEARUSDT,Market,,,9d2bf388-c162-4162-82b1-64dd38c8cb3d,UNKNOWN,1762979203401,USDT,CreateByUser,-0.00571417,0.00055,,,2.535,2.534,,4.1,2.409,10.3894,4.1,Trade,237340389160,Sell,,0,False,0.00571417,20f46895-700e-5097-b060-4c94cc2031aa,,4.1,,2025-11-12 20:26:43
NEARUSDT,Limit,,,d844a6c1-a9ea-4112-8f92-4d57f0893ba6,UNKNOWN,1762974325689,USDT,CreateByUser,-0.00204344,0.0002,,,2.508,2.492,,4.1,2.492,10.2172,0,Trade,237325250341,Buy,,0,True,0.00204344,01b81bfa-4f9c-5765-85a6-0517fea39642,,4.1,,2025-11-12 19:05:25
NEARUSDT,Market,,,86c070b7-0dac-4a16-ab1d-cc050e5bf5ef,TakeProfit,1762969190252,USDT,CreateByTakeProfit,-0.0055506,0.00055,,,2.524,2.523,,4,2.398,10.092,4,Trade,237310986660,Sell,,0,False,0.0055506,ca8a44f1-d2f6-5eac-8470-b92e321b1d6b,,4,,2025-11-12 17:39:50
NEARUSDT,Limit,,,50ca44f9-aa8d-48be-b6a5-5cc989705785,UNKNOWN,1762967411341,USDT,CreateByUser,-0.0019896,0.0002,,,2.504,2.487,,4,2.487,9.948,0,Trade,237303918277,Buy,,0,True,0.0019896,a8118e0c-e407-5e4a-afd7-d637e025c320,,4,,2025-11-12 17:10:11
NEARUSDT,Market,,,78e62266-1a85-4f39-ae03-54268839d14a,StopLoss,1762962496311,USDT,CreateByStopLoss,-0.00013921,0.00055,,,2.532,2.531,,12.9,2.432,0.2531,0.1,Trade,237276654364,Sell,,12.5,False,0.00013921,5b9f4b21-052f-57c6-96c9-e6f5fa8b558f,,0.1,,2025-11-12 15:48:16
NEARUSDT,Market,,,78e62266-1a85-4f39-ae03-54268839d14a,StopLoss,1762962496311,USDT,CreateByStopLoss,-0.00013921,0.00055,,,2.532,2.531,,12.9,2.432,0.2531,0.1,Trade,237276654364,Sell,,12.6,False,0.00013921,71b9cce9-ba3a-54ce-884b-cad958b366b6,,0.1,,2025-11-12 15:48:16
NEARUSDT,Market,,,78e62266-1a85-4f39-ae03-54268839d14a,StopLoss,1762962496311,USDT,CreateByStopLoss,-0.00013921,0.00055,,,2.532,2.531,,12.9,2.432,0.2531,0.1,Trade,237276654364,Sell,,12.7,False,0.00013921,1071ff2c-a380-54ec-a046-913916d8882a,,0.1,,2025-11-12 15:48:16
NEARUSDT,Market,,,78e62266-1a85-4f39-ae03-54268839d14a,StopLoss,1762962496311,USDT,CreateByStopLoss,-0.00013921,0.00055,,,2.532,2.531,,12.9,2.432,0.2531,0.1,Trade,237276654364,Sell,,12.8,False,0.00013921,2aaf318b-1b1a-5b05-9ce2-abcaecbeda4a,,0.1,,2025-11-12 15:48:16
NEARUSDT,Market,,,78e62266-1a85-4f39-ae03-54268839d14a,StopLoss,1762962496311,USDT,CreateByStopLoss,-0.00069603,0.00055,,,2.532,2.531,,12.9,2.432,1.2655,0.5,Trade,237276654364,Sell,,12,False,0.00069603,89f1a897-71a2-5897-8e6e-1ef1dff73c49,,0.5,,2025-11-12 15:48:16
NEARUSDT,Market,,,78e62266-1a85-4f39-ae03-54268839d14a,StopLoss,1762962496311,USDT,CreateByStopLoss,-0.0167046,0.00055,,,2.532,2.531,,12.9,2.432,30.372,12,Trade,237276654364,Sell,,0,False,0.0167046,0a0e5e5a-4137-5298-9c06-238b93ca6dc3,,12,,2025-11-12 15:48:16
NEARUSDT,Limit,,,14a4a71c-9cbb-41f7-b25e-e68281cfef54,UNKNOWN,1762960493992,USDT,CreateByUser,-0.00219472,0.0002,,,2.561,2.552,,4.3,2.552,10.9736,0,Trade,237266981435,Buy,,0,True,0.00219472,ca9b6ec8-f8c1-5bcb-80e0-b118cb16f309,,4.3,,2025-11-12 15:14:53
NEARUSDT,Limit,,,6726f457-f91e-4d98-b85f-77564083930b,UNKNOWN,1762960493968,USDT,CreateByUser,-0.0022016,0.0002,,,2.569,2.56,,4.3,2.56,11.008,0,Trade,237266980459,Buy,,0,True,0.0022016,81678d4f-ef6e-56b9-a804-a686bd91efce,,4.3,,2025-11-12 15:14:53
NEARUSDT,Limit,,,eef95152-05fd-4fa5-937f-9c3ed0cf794c,UNKNOWN,1762960443347,USDT,CreateByUser,-0.00220848,0.0002,,,2.584,2.568,,4.3,2.568,11.0424,0,Trade,237266746960,Buy,,0,True,0.00220848,651b090b-94e7-522a-a1df-2495e3757d45,,4.3,,2025-11-12 15:14:03
NEARUSDT,Market,,,9988b8d2-b2c3-4db3-81ba-b35759111bd8,StopLoss,1762958973191,USDT,CreateByStopLoss,-0.01732517,0.00055,,,2.562,2.561,,12.3,2.47,31.5003,12.3,Trade,237259366320,Sell,,0,False,0.01732517,ea836e39-9afb-502b-9edc-838e40eb4a24,,12.3,,2025-11-12 14:49:33
NEARUSDT,Limit,,,c9697440-cc8b-419c-b598-431fa81cdcba,UNKNOWN,1762958916202,USDT,CreateByUser,-0.00211888,0.0002,,,2.603,2.584,,4.1,2.584,10.5944,0,Trade,237258530704,Buy,,0,True,0.00211888,1baadf27-d876-5468-bcfe-6bf243ca51cc,,4.1,,2025-11-12 14:48:36
NEARUSDT,Limit,,,ad17eb32-7897-4e6b-b727-ce9a2e1f8f60,UNKNOWN,1762958849233,USDT,CreateByUser,-0.002132,0.0002,,,2.618,2.6,,4.1,2.6,10.66,0,Trade,237257962524,Buy,,0,True,0.002132,70d6ac0c-4ed0-5786-83b8-0855146080fc,,4.1,,2025-11-12 14:47:29
NEARUSDT,Limit,,,a2abee03-c0f6-4a4b-98fe-4cb4742db429,UNKNOWN,1762957141060,USDT,CreateByUser,-0.00088876,0.0002,,,2.618,2.614,,4.1,2.614,4.4438,0,Trade,237253129411,Buy,,0,True,0.00088876,93da424d-d27e-5687-879b-14b7b645865f,,1.7,,2025-11-12 14:19:01
NEARUSDT,Limit,,,a2abee03-c0f6-4a4b-98fe-4cb4742db429,UNKNOWN,1762957141053,USDT,CreateByUser,-0.00125472,0.0002,,,2.616,2.614,,4.1,2.614,6.2736,0,Trade,237253129291,Buy,,1.7,True,0.00125472,db109fc1-10e0-583d-81c0-1a8a9257b287,,2.4,,2025-11-12 14:19:01
NEARUSDT,Market,,,c64f05fd-ad5f-41e7-a5a3-3cd5be3116e7,TakeProfit,1762956412340,USDT,CreateByTakeProfit,-0.01286505,0.00055,,,2.598,2.599,,9,2.727,23.391,9,Trade,237251695415,Buy,,0,False,0.01286505,6c24e3e8-7924-5dbc-bd50-667347b8bb5b,,9,,2025-11-12 14:06:52
NEARUSDT,Limit,,,a26e0989-2c16-4bd7-a901-c525abd9066b,UNKNOWN,1762943614173,USDT,CreateByUser,-0.0023895,0.0002,,,2.638,2.655,,4.5,2.655,11.9475,0,Trade,237226296339,Sell,,0,True,0.0023895,acb0a818-5f93-5071-b178-5a6699f4429f,,4.5,,2025-11-12 10:33:34
NEARUSDT,Limit,,,a929f851-c6af-4caa-bd85-c2d8f416a5a6,UNKNOWN,1762938789795,USDT,CreateByUser,-0.0023751,0.0002,,,2.623,2.639,,4.5,2.639,11.8755,0,Trade,237216834189,Sell,,0,True,0.0023751,c69ad8e0-291f-5222-8d9c-152832b25da9,,4.5,,2025-11-12 09:13:09
NEARUSDT,Market,,,2194739c-c720-46e6-949a-c7c2b2342a34,TakeProfit,1762936616313,USDT,CreateByTakeProfit,-0.01380192,0.00055,,,2.615,2.614,,9.6,2.485,25.0944,9.6,Trade,237211774941,Sell,,0,False,0.01380192,45b4d25a-46f7-5436-ab9d-4aeff47dac0e,,9.6,,2025-11-12 08:36:56
NEARUSDT,UNKNOWN,,,835453f8-49f1-48d8-a8fc-cb3966ee4a92,UNKNOWN,1762934400000,USDT,,-0.00246144,0.0001,,,2.585,2.564,,0,0,24.6144,0,Funding,237206897761,Buy,,0,False,0.00246144,d174092d-ad71-4a6a-b441-3a625737b8a6,,9.6,,2025-11-12 08:00:00
NEARUSDT,UNKNOWN,,,6b4d5699-8da8-40d8-8aa3-c8e001ef4d5f,UNKNOWN,1762905600000,USDT,,-0.00244416,0.0001,,,2.585,2.546,,0,0,24.4416,0,Funding,237153334453,Buy,,0,False,0.00244416,0a783678-5ef8-4d43-a839-b833c057e16f,,9.6,,2025-11-12 00:00:00
NEARUSDT,Limit,,,efc4aba9-0bb8-4497-a839-fd2db80b86ac,UNKNOWN,1762899463073,USDT,CreateByUser,-0.00245856,0.0002,,,2.579,2.561,,4.8,2.561,12.2928,0,Trade,237143125629,Buy,,0,True,0.00245856,5435bbcc-1bd1-511d-b2eb-e18d093f9667,,4.8,,2025-11-11 22:17:43
NEARUSDT,Limit,,,7d3634d0-18a0-4780-8f0b-d16012721966,UNKNOWN,1762898470210,USDT,CreateByUser,-0.00247392,0.0002,,,2.593,2.577,,4.8,2.577,12.3696,0,Trade,237140890188,Buy,,0,True,0.00247392,184ec3a2-8045-5083-ae9a-a624e67a15d3,,4.8,,2025-11-11 22:01:10
NEARUSDT,Market,,,2d02207f-b2a8-4648-965e-3338b4678cd7,StopLoss,1762893003278,USDT,CreateByStopLoss,-0.02109377,0.00055,,,2.608,2.609,,14.7,2.508,38.3523,14.7,Trade,237127790027,Sell,,0,False,0.02109377,ecbc8afd-36a1-5ef0-a591-99214863a61c,,14.7,,2025-11-11 20:30:03
NEARUSDT,Limit,,,4aa4a0ce-a917-4f0a-8ba6-e1055fa8b6c2,UNKNOWN,1762888031186,USDT,CreateByUser,-0.0025774,0.0002,,,2.641,2.63,,4.9,2.63,12.887,0,Trade,237117162920,Buy,,0,True,0.0025774,d9e3f1d3-4362-5015-9291-cd387e50d93c,,4.9,,2025-11-11 19:07:11
NEARUSDT,Limit,,,b5b10694-7274-444b-a31b-214696fb2e2d,UNKNOWN,1762887633493,USDT,CreateByUser,-0.0025872,0.0002,,,2.65,2.64,,4.9,2.64,12.936,0,Trade,237116027564,Buy,,0,True,0.0025872,647c29b8-b244-58a5-be1f-545460ef0d89,,4.9,,2025-11-11 19:00:33
NEARUSDT,Limit,,,975e5863-0925-4ae4-b15c-9588164d99a0,UNKNOWN,1762885599993,USDT,CreateByUser,-0.00259504,0.0002,,,2.662,2.648,,4.9,2.648,12.9752,0,Trade,237111404421,Buy,,0,True,0.00259504,41ea4848-363f-55e0-b803-1c383270c6fa,,4.9,,2025-11-11 18:26:39
NEARUSDT,Market,,,57d3c17b-a99f-4e6b-bd04-1b2f9ed3e99b,UNKNOWN,1762461122398,USDT,CreateByUser,-0.01279047,0.00055,,,2.058,2.058,,11.3,2.16,23.2554,11.3,Trade,235831844571,Buy,,0,False,0.01279047,6c4a03b1-fa71-5c82-aab8-5ea03dd23908,,11.3,,2025-11-06 20:32:02
NEARUSDT,Limit,,,66ec7e0e-707a-46f6-85f3-d075ed9de90a,UNKNOWN,1762459326105,USDT,CreateByUser,-0.00469854,0.0002,,,2.046,2.079,,11.3,2.079,23.4927,0,Trade,235825749267,Sell,,0,True,0.00469854,73b9abd4-23f1-54d7-9c3a-b294e3090cda,,11.3,,2025-11-06 20:02:06
NEARUSDT,Market,,,25b2d1bd-9e7a-4059-aefe-4a721b23c7ee,UNKNOWN,1762458454115,USDT,CreateByClosing,-0.01271589,0.00055,,,2.046,2.046,,11.3,2.148,23.1198,11.3,Trade,235822903598,Buy,,0,False,0.01271589,31c6dffb-0944-5259-9cd0-f7496ecd937a,,11.3,,2025-11-06 19:47:34
NEARUSDT,Limit,,,aece1c0b-0a12-4d5a-89a2-e4a950b8d9b5,UNKNOWN,1762457871003,USDT,CreateByUser,-0.0046556,0.0002,,,2.038,2.06,,11.3,2.06,23.278,0,Trade,235820831596,Sell,,0,True,0.0046556,2ecbb0fe-1926-50f2-a875-12f8d4256f80,,11.3,,2025-11-06 19:37:51
NEARUSDT,Market,,,604ebd94-0227-4122-bec1-b3a5c1fcbf53,TakeProfit,1762451483389,USDT,CreateByTakeProfit,-0.01254627,0.00055,,,2.002,2.001,,11.4,1.902,22.8114,11.4,Trade,235798505201,Sell,,0,False,0.01254627,657b452f-c24e-551d-9d27-a12d0d5fd7ae,,11.4,,2025-11-06 17:51:23
NEARUSDT,Market,,,0547aed5-8740-431e-9206-6b56de90c083,UNKNOWN,1762451256339,USDT,CreateByUser,-0.0061446,0.00055,,,1.995,1.995,,5.6,1.896,11.172,5.6,Trade,235797472258,Sell,,0,False,0.0061446,f24964a7-ba27-5259-bc34-a7b133d408ab,,5.6,,2025-11-06 17:47:36
NEARUSDT,Market,,,23738cd3-e69c-4a1e-a9e4-46fa5541d53c,UNKNOWN,1762451006809,USDT,CreateByUser,-0.00610456,0.00055,,,1.982,1.982,,5.6,1.883,11.0992,5.6,Trade,235796545237,Sell,,0,False,0.00610456,8f260f6a-2574-5cf5-bf86-0f77de3f8b39,,5.6,,2025-11-06 17:43:26
NEARUSDT,Limit,,,f533980a-898f-42d1-9888-421100ab3728,UNKNOWN,1762449626232,USDT,CreateByUser,-0.00443186,0.0002,,,1.974,1.961,,11.3,1.961,22.1593,0,Trade,235791115362,Buy,,0,True,0.00443186,266b8035-158e-535d-ad4d-33913338bc97,,11.3,,2025-11-06 17:20:26
NEARUSDT,Limit,,,ecb1011c-7802-4588-914c-1d069c97b8f8,UNKNOWN,1762449245051,USDT,CreateByUser,-0.00445898,0.0002,,,1.985,1.973,,11.3,1.973,22.2949,0,Trade,235789534814,Buy,,0,True,0.00445898,2030458e-48ba-513e-8443-2f91f5a6898b,,11.3,,2025-11-06 17:14:05
NEARUSDT,Market,,,fe677926-f550-47a4-9457-f5ef7459a8d8,UNKNOWN,1762443372113,USDT,CreateByUser,-0.00609532,0.00055,,,1.979,1.979,,5.6,2.077,11.0824,5.6,Trade,235760118948,Buy,,0,False,0.00609532,d2944884-580d-50e1-b15a-6d1715fe2d99,,5.6,,2025-11-06 15:36:12
NEARUSDT,Market,,,7cfbad8f-79b5-4631-92a8-7fb97af1ebcb,UNKNOWN,1762443210202,USDT,CreateByUser,-0.00614152,0.00055,,,1.994,1.994,,5.6,2.093,11.1664,5.6,Trade,235759090076,Buy,,0,False,0.00614152,a066d7d0-2e17-50ed-ac80-604e39a8db16,,5.6,,2025-11-06 15:33:30
NEARUSDT,Limit,,,2d43e8a8-8b0d-45b2-82c8-afb3db7d7c40,UNKNOWN,1762442293865,USDT,CreateByUser,-0.00449568,0.0002,,,1.996,2.007,,11.2,2.007,22.4784,0,Trade,235754794750,Sell,,0,True,0.00449568,c50f2d55-be77-5d53-ae47-7cce0f340626,,11.2,,2025-11-06 15:18:13
NEARUSDT,Market,,,9927620e-0751-4b21-b015-c7aa58d10eb6,UNKNOWN,1762432603838,USDT,CreateByUser,-0.01219218,0.00055,,,1.912,1.911,,11.6,1.817,22.1676,11.6,Trade,235719299882,Sell,,0,False,0.01219218,4a06f335-7f40-5a0b-8e40-46ec103cdb3e,,11.6,,2025-11-06 12:36:43
NEARUSDT,Market,,,63e5750b-b80b-4108-847d-8cdfcb0d7057,UNKNOWN,1762431485652,USDT,CreateByUser,-0.0054769,0.00055,,,1.916,1.915,,5.2,1.821,9.958,5.2,Trade,235716823684,Sell,,0,False,0.0054769,d722b5e7-20b8-53e6-9c11-9a1d2f057638,,5.2,,2025-11-06 12:18:05
NEARUSDT,Market,,,197f0401-b592-43a9-bae1-802deb43588a,UNKNOWN,1762429567930,USDT,CreateByUser,-0.00544258,0.00055,,,1.904,1.903,,5.2,1.809,9.8956,5.2,Trade,235713099334,Sell,,0,False,0.00544258,cf687d3c-642e-5759-8355-8f27c9fb872d,,5.2,,2025-11-06 11:46:07
NEARUSDT,Limit,,,11fb6362-5ba3-41b9-a486-4de1ec727007,UNKNOWN,1762427182010,USDT,CreateByUser,-0.0041536,0.0002,,,1.895,1.888,,11,1.888,20.768,0,Trade,235708738798,Buy,,0,True,0.0041536,30f898b1-9eda-55cc-9d47-87c9699f15fb,,11,,2025-11-06 11:06:22
NEARUSDT,Limit,,,d0699e1c-33ad-4019-9a89-f1a9491eb6fb,UNKNOWN,1762426951050,USDT,CreateByUser,-0.0041668,0.0002,,,1.9,1.894,,11,1.894,20.834,0,Trade,235708182191,Buy,,0,True,0.0041668,29b8b614-1f48-54c2-973b-a27eeba06d5e,,11,,2025-11-06 11:02:31
NEARUSDT,Market,,,97dcb9cf-194e-437a-a30d-ae990b107ee7,UNKNOWN,1762421965772,USDT,CreateByUser,-0.03420747,0.00055,,,1.903,1.902,,32.7,1.808,62.1954,32.7,Trade,235697580376,Sell,,0,False,0.03420747,e6cc1c36-4e63-5170-8986-8718530930c0,,32.7,,2025-11-06 09:39:25
NEARUSDT,UNKNOWN,,,e828e9b5-5917-4a7a-8530-0449b35d8095,UNKNOWN,1762416000000,USDT,,0.00700963,-0.000113,,,1.892,1.896,,0,0,61.9992,0,Funding,235685691136,Buy,,0,False,-0.00700963,fdb268f1-8a67-4cce-b582-387312730d3d,,32.7,,2025-11-06 08:00:00
NEARUSDT,Limit,,,205df876-b0d1-4301-8da2-da67ddf69d0f,UNKNOWN,1762413434761,USDT,CreateByUser,-0.00411802,0.0002,,,1.903,1.889,,10.9,1.889,20.5901,0,Trade,235680276430,Buy,,0,True,0.00411802,1fe99cd8-0870-56bf-b290-c9410b720b08,,10.9,,2025-11-06 07:17:14
NEARUSDT,Limit,,,8effcbbc-74c2-49a9-91ac-8071087bffac,UNKNOWN,1762411600290,USDT,CreateByUser,-0.004142,0.0002,,,1.911,1.9,,10.9,1.9,20.71,0,Trade,235677007454,Buy,,0,True,0.004142,371f167a-051c-545d-bef8-a6f044496edd,,10.9,,2025-11-06 06:46:40
NEARUSDT,Limit,,,c3d8570b-354c-4ba3-b721-219efa1148db,UNKNOWN,1762408027159,USDT,CreateByUser,-0.01145645,0.00055,,,1.912,1.911,,10.9,1.911,20.8299,0,Trade,235670331664,Buy,,0,False,0.01145645,c13ca72c-d1fa-569d-ac3c-8866d007e8b6,,10.9,,2025-11-06 05:47:07
NEARUSDT,Market,,,d4dd8d75-097f-4442-b77b-9f88230583ba,StopLoss,1762395942299,USDT,CreateByStopLoss,-0.00347573,0.00055,,,1.915,1.915,,5.7,1.82,6.3195,3.3,Trade,235646483599,Sell,,0,False,0.00347573,4fffbbd3-e7d5-5ffe-b2dd-cfebc6564205,,3.3,,2025-11-06 02:25:42
NEARUSDT,Market,,,d4dd8d75-097f-4442-b77b-9f88230583ba,StopLoss,1762395942299,USDT,CreateByStopLoss,-0.0025278,0.00055,,,1.915,1.915,,5.7,1.82,4.596,2.4,Trade,235646483599,Sell,,3.3,False,0.0025278,844c29e9-4afb-55ea-9905-7cdbe8edb724,,2.4,,2025-11-06 02:25:42
NEARUSDT,Market,,,bacd6c99-b1e9-4827-8654-5a69721606be,UNKNOWN,1762395550937,USDT,CreateByUser,-0.00561721,0.00055,,,1.927,1.927,,5.3,1.831,10.2131,5.3,Trade,235645777371,Sell,,0,False,0.00561721,7014b90c-b8c0-507b-88d7-8a2b15e45cae,,5.3,,2025-11-06 02:19:10
NEARUSDT,Limit,,,616a0ca5-318b-4643-be9f-a7d22a7c8377,UNKNOWN,1762395091220,USDT,CreateByUser,-0.004213,0.0002,,,1.92,1.915,,11,1.915,21.065,0,Trade,235644815583,Buy,,0,True,0.004213,bfb28083-a643-5ffc-b455-c06719ac4b3c,,11,,2025-11-06 02:11:31
NEARUSDT,Market,,,6eaae44d-8b1a-4685-93a0-39e3431e31f2,StopLoss,1762371613475,USDT,CreateByStopLoss,-0.01729431,0.00055,,,1.942,1.941,,16.2,2.039,31.4442,16.2,Trade,235601100302,Buy,,0,False,0.01729431,659f9729-deca-5e66-85ea-f7e91014944d,,16.2,,2025-11-05 19:40:13
NEARUSDT,Market,,,9ca4b275-4d55-4478-9d7a-50b49d46a6e3,UNKNOWN,1762369643870,USDT,CreateByUser,-0.00551408,0.00055,,,1.928,1.928,,5.2,2.024,10.0256,5.2,Trade,235597124617,Buy,,0,False,0.00551408,8a887b7e-89ba-5161-b560-4cd42ccc4f74,,5.2,,2025-11-05 19:07:23
NEARUSDT,Limit,,,2a99c5ae-06a3-4c71-a184-b6a5cda3c93d,UNKNOWN,1762368620698,USDT,CreateByUser,-0.00416872,0.0002,,,1.934,1.948,,10.7,1.948,20.8436,0,Trade,235595013085,Sell,,0,True,0.00416872,bd6cb836-5286-5c5d-b25d-8ea7a44b056a,,10.7,,2025-11-05 18:50:20
NEARUSDT,Limit,,,442c3986-98e9-45c7-a1bd-2180b28cb6b6,UNKNOWN,1762366643205,USDT,CreateByUser,-0.00414304,0.0002,,,1.924,1.936,,10.7,1.936,20.7152,0,Trade,235590758799,Sell,,0,True,0.00414304,d8746951-9765-505a-983b-210babf0c063,,10.7,,2025-11-05 18:17:23
NEARUSDT,Market,,,11f587eb-e940-4440-9fda-efac984ea0ee,StopLoss,1762353607557,USDT,CreateByStopLoss,-0.00010346,0.00055,,,1.881,1.881,,30.9,1.975,0.1881,0.1,Trade,235550411909,Buy,,29.7,False,0.00010346,4e36d1d1-a917-5121-bac4-9299eb15193d,,0.1,,2025-11-05 14:40:07
NEARUSDT,Market,,,11f587eb-e940-4440-9fda-efac984ea0ee,StopLoss,1762353607557,USDT,CreateByStopLoss,-0.00031037,0.00055,,,1.881,1.881,,30.9,1.975,0.5643,0.3,Trade,235550411909,Buy,,30.6,False,0.00031037,96c71b55-5116-5231-b148-a0d23309a77f,,0.3,,2025-11-05 14:40:07
NEARUSDT,Market,,,11f587eb-e940-4440-9fda-efac984ea0ee,StopLoss,1762353607557,USDT,CreateByStopLoss,-0.00062073,0.00055,,,1.881,1.881,,30.9,1.975,1.1286,0.6,Trade,235550411909,Buy,,30,False,0.00062073,5afddc7b-43b1-570d-8c06-686d4668738b,,0.6,,2025-11-05 14:40:07
NEARUSDT,Market,,,11f587eb-e940-4440-9fda-efac984ea0ee,StopLoss,1762353607557,USDT,CreateByStopLoss,-0.00010346,0.00055,,,1.881,1.881,,30.9,1.975,0.1881,0.1,Trade,235550411909,Buy,,29.9,False,0.00010346,ae9934e9-8a7e-5722-a9fc-acce4c17a587,,0.1,,2025-11-05 14:40:07
NEARUSDT,Market,,,11f587eb-e940-4440-9fda-efac984ea0ee,StopLoss,1762353607557,USDT,CreateByStopLoss,-0.00010346,0.00055,,,1.881,1.881,,30.9,1.975,0.1881,0.1,Trade,235550411909,Buy,,29.8,False,0.00010346,ce7ae89b-9205-5b4c-872a-eecf30c18bd3,,0.1,,2025-11-05 14:40:07
NEARUSDT,Market,,,11f587eb-e940-4440-9fda-efac984ea0ee,StopLoss,1762353607557,USDT,CreateByStopLoss,-0.02648448,0.00055,,,1.881,1.881,,30.9,1.975,48.1536,25.6,Trade,235550411909,Buy,,0,False,0.02648448,a2b76e76-e2cd-5b1a-8291-895b8d8c0b12,,25.6,,2025-11-05 14:40:07
NEARUSDT,Market,,,11f587eb-e940-4440-9fda-efac984ea0ee,StopLoss,1762353607557,USDT,CreateByStopLoss,-0.00103455,0.00055,,,1.881,1.881,,30.9,1.975,1.881,1,Trade,235550411909,Buy,,28.7,False,0.00103455,b4d547d5-eb45-5068-9dc9-c4a40f86ec8b,,1,,2025-11-05 14:40:07
NEARUSDT,Market,,,11f587eb-e940-4440-9fda-efac984ea0ee,StopLoss,1762353607557,USDT,CreateByStopLoss,-0.00310365,0.00055,,,1.881,1.881,,30.9,1.975,5.643,3,Trade,235550411909,Buy,,25.6,False,0.00310365,338a0955-313a-5f63-8df5-f7adcd4e5706,,3,,2025-11-05 14:40:07
NEARUSDT,Market,,,11f587eb-e940-4440-9fda-efac984ea0ee,StopLoss,1762353607557,USDT,CreateByStopLoss,-0.00010346,0.00055,,,1.881,1.881,,30.9,1.975,0.1881,0.1,Trade,235550411909,Buy,,28.6,False,0.00010346,71d93c87-35e7-5d73-8b8a-34f7e76886d1,,0.1,,2025-11-05 14:40:07
NEARUSDT,Market,,,11f485c0-f6db-4d5a-9d20-cb019158d07d,UNKNOWN,1762353205797,USDT,CreateByUser,-0.00587186,0.00055,,,1.872,1.873,,5.7,1.965,10.6761,5.7,Trade,235548411127,Buy,,0,False,0.00587186,bc9054cf-ef1e-5422-b480-54ac63993028,,5.7,,2025-11-05 14:33:25
NEARUSDT,Limit,,,3ae86a34-8694-40ce-b5a7-f3087657c8ad,UNKNOWN,1762350192204,USDT,CreateByUser,-0.00462136,0.0002,,,1.883,1.894,,12.2,1.894,23.1068,0,Trade,235538811889,Sell,,0,True,0.00462136,dc5509ce-6dc5-5d3b-9356-bfc5e999f9d3,,12.2,,2025-11-05 13:43:12
NEARUSDT,Limit,,,3887fd21-c0fd-45ab-898a-7dd6c066d741,UNKNOWN,1762345549058,USDT,CreateByUser,-0.00459452,0.0002,,,1.874,1.883,,12.2,1.883,22.9726,0,Trade,235527174921,Sell,,0,True,0.00459452,5131774a-6526-5482-be9c-0936a1102911,,12.2,,2025-11-05 12:25:49
NEARUSDT,Limit,,,875293ea-c80c-4ad0-ba89-f629bae2eb66,UNKNOWN,1762342508932,USDT,CreateByUser,-0.004575,0.0002,,,1.871,1.875,,12.2,1.875,22.875,0,Trade,235520380344,Sell,,0,True,0.004575,32216e56-1dd4-5364-a493-124463b6627e,,12.2,,2025-11-05 11:35:08
NEARUSDT,Market,,,b987e9e1-8abc-4725-a956-d32d2173914b,StopLoss,1762333774406,USDT,CreateByStopLoss,-0.01289673,0.00055,,,1.86,1.861,,12.6,1.953,23.4486,12.6,Trade,235497799490,Buy,,0,False,0.01289673,8d042677-ea88-528b-930e-339c4556d1ce,,12.6,,2025-11-05 09:09:34
NEARUSDT,Market,,,9dcd5a19-f346-45e1-8f36-0900b7896da2,UNKNOWN,1762330945503,USDT,CreateByUser,-0.00555995,0.00055,,,1.838,1.838,,5.5,1.929,10.109,5.5,Trade,235488176544,Buy,,0,False,0.00555995,685f3a53-df9f-55bc-a556-10f54d5bd626,,5.5,,2025-11-05 08:22:25
NEARUSDT,Market,,,f4fea5c4-71cd-4018-a9d7-6456784378d3,UNKNOWN,1762330637298,USDT,CreateByUser,-0.00559625,0.00055,,,1.849,1.85,,5.5,1.941,10.175,5.5,Trade,235487203756,Buy,,0,False,0.00559625,2123bc51-aac0-5a68-8c28-8a9f3e099143,,5.5,,2025-11-05 08:17:17
NEARUSDT,UNKNOWN,,,10406f59-ecab-4675-9945-cffd952aa8f6,UNKNOWN,1762329600000,USDT,,0.00439668,-0.0001,,,1.864,1.863,,0,0,43.9668,0,Funding,235484072535,Sell,,0,False,-0.00439668,18dcae18-bb6c-4259-b06d-02116bd79b9d,,23.6,,2025-11-05 08:00:00
NEARUSDT,Limit,,,06268cdd-4673-4967-8d93-0dc7bd343464,UNKNOWN,1762329397571,USDT,CreateByUser,-0.0044014,0.0002,,,1.856,1.865,,11.8,1.865,22.007,0,Trade,235483675780,Sell,,0,True,0.0044014,2df6ba23-e60b-5b1e-80e4-df67053c8eb4,,11.8,,2025-11-05 07:56:37
NEARUSDT,Limit,,,7801d07a-0b46-4fce-b978-2c4d55ef095c,UNKNOWN,1762327148238,USDT,CreateByUser,-0.00438016,0.0002,,,1.854,1.856,,11.8,1.856,21.9008,0,Trade,235478994961,Sell,,0,True,0.00438016,88a530b9-f0f4-5d4e-8d0c-56469a178c14,,11.8,,2025-11-05 07:19:08
NEARUSDT,Market,,,b1cfaaed-79a2-4fd0-a513-a69c64894e59,StopLoss,1762313126317,USDT,CreateByStopLoss,-0.00030608,0.00055,,,1.855,1.855,,18.1,1.947,0.5565,0.3,Trade,235445815335,Buy,,10,False,0.00030608,4806d2a4-e84e-587c-a4fc-5904ca176d4b,,0.3,,2025-11-05 03:25:26
NEARUSDT,Market,,,b1cfaaed-79a2-4fd0-a513-a69c64894e59,StopLoss,1762313126317,USDT,CreateByStopLoss,-0.00030608,0.00055,,,1.855,1.855,,18.1,1.947,0.5565,0.3,Trade,235445815335,Buy,,12.3,False,0.00030608,659c6f26-1cb3-57d7-b82c-d6184de58e07,,0.3,,2025-11-05 03:25:26
NEARUSDT,Market,,,b1cfaaed-79a2-4fd0-a513-a69c64894e59,StopLoss,1762313126317,USDT,CreateByStopLoss,-0.00091823,0.00055,,,1.855,1.855,,18.1,1.947,1.6695,0.9,Trade,235445815335,Buy,,10.3,False,0.00091823,77a60e43-5478-57a9-a8ce-8837ac10544b,,0.9,,2025-11-05 03:25:26
NEARUSDT,Market,,,b1cfaaed-79a2-4fd0-a513-a69c64894e59,StopLoss,1762313126317,USDT,CreateByStopLoss,-0.00010203,0.00055,,,1.855,1.855,,18.1,1.947,0.1855,0.1,Trade,235445815335,Buy,,11.2,False,0.00010203,59da989c-dfb1-5c8f-bf75-4112f51698a6,,0.1,,2025-11-05 03:25:26
NEARUSDT,Market,,,b1cfaaed-79a2-4fd0-a513-a69c64894e59,StopLoss,1762313126317,USDT,CreateByStopLoss,-0.0004081,0.00055,,,1.855,1.855,,18.1,1.947,0.742,0.4,Trade,235445815335,Buy,,11.3,False,0.0004081,89fe6327-ba2a-5e54-9296-dad0e71b7b61,,0.4,,2025-11-05 03:25:26
NEARUSDT,Market,,,b1cfaaed-79a2-4fd0-a513-a69c64894e59,StopLoss,1762313126317,USDT,CreateByStopLoss,-0.00061215,0.00055,,,1.855,1.855,,18.1,1.947,1.113,0.6,Trade,235445815335,Buy,,0,False,0.00061215,446eab33-ae29-5d73-ba61-8c4bbaf49fbe,,0.6,,2025-11-05 03:25:26
NEARUSDT,Market,,,b1cfaaed-79a2-4fd0-a513-a69c64894e59,StopLoss,1762313126317,USDT,CreateByStopLoss,-0.00061215,0.00055,,,1.855,1.855,,18.1,1.947,1.113,0.6,Trade,235445815335,Buy,,11.7,False,0.00061215,0df6eb35-c18d-56c5-9ce9-1c4e5687ecf1,,0.6,,2025-11-05 03:25:26
NEARUSDT,Market,,,b1cfaaed-79a2-4fd0-a513-a69c64894e59,StopLoss,1762313126317,USDT,CreateByStopLoss,-0.00561138,0.00055,,,1.855,1.855,,18.1,1.947,10.2025,5.5,Trade,235445815335,Buy,,12.6,False,0.00561138,c2d7a146-6cf8-5243-880a-2dd2dd66b9a6,,5.5,,2025-11-05 03:25:26
NEARUSDT,Market,,,b1cfaaed-79a2-4fd0-a513-a69c64894e59,StopLoss,1762313126317,USDT,CreateByStopLoss,-0.00275468,0.00055,,,1.855,1.855,,18.1,1.947,5.0085,2.7,Trade,235445815335,Buy,,0.6,False,0.00275468,7699e90a-e414-5622-bc8b-7462362ce6fc,,2.7,,2025-11-05 03:25:26
NEARUSDT,Market,,,b1cfaaed-79a2-4fd0-a513-a69c64894e59,StopLoss,1762313126317,USDT,CreateByStopLoss,-0.00683568,0.00055,,,1.855,1.855,,18.1,1.947,12.4285,6.7,Trade,235445815335,Buy,,3.3,False,0.00683568,561a4af4-3216-5a07-b912-58d77604be65,,6.7,,2025-11-05 03:25:26
NEARUSDT,Market,,,771dea30-b1bf-4a7c-ba98-bb1a3124dada,UNKNOWN,1762312668203,USDT,CreateByUser,-0.0055781,0.00055,,,1.844,1.844,,5.5,1.936,10.142,5.5,Trade,235444337412,Buy,,0,False,0.0055781,d8d24a73-361c-5668-8c8d-cf4f89c73fdd,,5.5,,2025-11-05 03:17:48
NEARUSDT,Limit,,,61ff0b7e-24f0-4ea5-8ffd-173358335139,UNKNOWN,1762311876973,USDT,CreateByUser,-0.00438488,0.0002,,,1.851,1.858,,11.8,1.858,21.9244,0,Trade,235441384711,Sell,,0,True,0.00438488,0ebcd320-18d0-598d-9900-620a7ec680b9,,11.8,,2025-11-05 03:04:36
NEARUSDT,Limit,,,33b87e9d-91af-41b5-b02e-c1b6f32ae21d,UNKNOWN,1762311845568,USDT,CreateByUser,-0.00437072,0.0002,,,1.847,1.852,,11.8,1.852,21.8536,0,Trade,235441224663,Sell,,0,True,0.00437072,81104caf-42e7-50b6-becf-fe220370438d,,11.8,,2025-11-05 03:04:05
NEARUSDT,Market,,,84bc01e0-94ec-4840-86ef-105dda8c086a,UNKNOWN,1762271233180,USDT,CreateByUser,-0.00041954,0.00055,,,1.907,1.907,,0.4,2.002,0.7628,0.4,Trade,235223210848,Buy,,0,False,0.00041954,129c5aa0-49a8-5bc3-b4a5-904d7ab6d4c3,,0.4,,2025-11-04 15:47:13
NEARUSDT,Market,,,35d578c0-6e43-4759-86a8-22ff20336db9,UNKNOWN,1762270312955,USDT,CreateByUser,-0.00579893,0.00055,,,1.917,1.917,,5.5,2.012,10.5435,5.5,Trade,235220028118,Buy,,0,False,0.00579893,16acaa96-b2dc-5e1c-b54c-a649a5f50342,,5.5,,2025-11-04 15:31:52
NEARUSDT,Market,,,b249e30d-29f8-4f38-b5ae-fab6fe397d49,UNKNOWN,1762269823407,USDT,CreateByUser,-0.0058322,0.00055,,,1.928,1.928,,5.5,2.024,10.604,5.5,Trade,235218082574,Buy,,0,False,0.0058322,d46a6493-d3d2-5215-a7f4-6f90cb30b41f,,5.5,,2025-11-04 15:23:43
NEARUSDT,Limit,,,825be704-df10-4f93-8fb6-8e5350d7164a,UNKNOWN,1762269573681,USDT,CreateByUser,-0.00441636,0.0002,,,1.925,1.937,,11.4,1.937,22.0818,0,Trade,235216833413,Sell,,0,True,0.00441636,1064a563-9f3d-536f-8b0e-ed434ef65f09,,11.4,,2025-11-04 15:19:33
NEARUSDT,Market,,,93cca2c8-a075-40d7-8018-f7622cb3c796,StopLoss,1762267287079,USDT,CreateByStopLoss,-0.00062931,0.00055,,,1.904,1.907,,0.6,1.999,1.1442,0.6,Trade,235203441998,Buy,,0,False,0.00062931,8ef0c22d-9070-53d6-a7db-7b47256236e5,,0.6,,2025-11-04 14:41:27
NEARUSDT,Market,,,b56efb32-fff8-4681-bf6d-01ae3ccd8604,UNKNOWN,1762260056311,USDT,CreateByUser,-0.00525938,0.00055,,,1.874,1.875,,5.1,1.967,9.5625,5.1,Trade,235180972735,Buy,,0,False,0.00525938,333db955-e952-5e72-9e1d-52d39ba8e474,,5.1,,2025-11-04 12:40:56
NEARUSDT,Market,,,818a5261-1cb9-419f-9265-2d194d338d07,UNKNOWN,1762258535138,USDT,CreateByUser,-0.00528182,0.00055,,,1.882,1.883,,5.1,1.976,9.6033,5.1,Trade,235177180083,Buy,,0,False,0.00528182,77d4060d-d850-5eb5-99ac-cbe97f97e1f7,,5.1,,2025-11-04 12:15:35
NEARUSDT,Limit,,,99a55ffa-5368-4895-985b-fd3e530f1bd0,UNKNOWN,1762254442017,USDT,CreateByUser,-0.00412776,0.0002,,,1.901,1.911,,10.8,1.911,20.6388,0,Trade,235166880504,Sell,,0,True,0.00412776,b2eebae0-47b3-590f-a524-a3993e7e0933,,10.8,,2025-11-04 11:07:22
NEARUSDT,Market,,,20ab6c30-44b6-4467-8e80-405aa6590377,StopLoss,1762253923398,USDT,CreateByStopLoss,-0.00595964,0.00055,,,1.901,1.901,,5.7,1.996,10.8357,5.7,Trade,235165475936,Buy,,0,False,0.00595964,d151e2bd-6ac6-5f44-9e0a-ff7cf0901eb5,,5.7,,2025-11-04 10:58:43
NEARUSDT,Market,,,b087da74-5344-406b-a1e5-f8f09ed236d9,UNKNOWN,1762251605086,USDT,CreateByUser,-0.00530426,0.00055,,,1.891,1.891,,5.1,1.985,9.6441,5.1,Trade,235159541789,Buy,,0,False,0.00530426,302936e1-b258-5e1f-a964-0bdd20e3df23,,5.1,,2025-11-04 10:20:05
NEARUSDT,Limit,,,e7a3714c-028f-4ada-b474-064a5234f1c2,UNKNOWN,1762250951017,USDT,CreateByUser,-0.00410616,0.0002,,,1.899,1.901,,10.8,1.901,20.5308,0,Trade,235157760987,Sell,,0,True,0.00410616,0a27e2b9-c3a2-5ee0-8a26-9a793e5ebb87,,10.8,,2025-11-04 10:09:11
NEARUSDT,Market,,,04653315-32b6-4110-bba7-e506b2b92713,TakeProfit,1762233876543,USDT,CreateByTakeProfit,-0.00291522,0.00055,,,1.893,1.893,,15.5,1.987,5.3004,2.8,Trade,235089652536,Buy,,0,False,0.00291522,96460609-7d41-5455-99b2-f144021723b0,,2.8,,2025-11-04 05:24:36
NEARUSDT,Market,,,04653315-32b6-4110-bba7-e506b2b92713,TakeProfit,1762233876543,USDT,CreateByTakeProfit,-0.00937035,0.00055,,,1.893,1.893,,15.5,1.987,17.037,9,Trade,235089652536,Buy,,2.8,False,0.00937035,bc254e89-701c-521a-87b5-7652a05d7aa6,,9,,2025-11-04 05:24:36
NEARUSDT,Market,,,04653315-32b6-4110-bba7-e506b2b92713,TakeProfit,1762233876543,USDT,CreateByTakeProfit,-0.00385226,0.00055,,,1.893,1.893,,15.5,1.987,7.0041,3.7,Trade,235089652536,Buy,,11.8,False,0.00385226,7f346066-b1f0-5f0b-b8d1-390715d55786,,3.7,,2025-11-04 05:24:36
NEARUSDT,Market,,,b3cbe665-6a18-4246-abb7-755ae84820b4,UNKNOWN,1762233360581,USDT,CreateByUser,-0.00063063,0.00055,,,1.911,1.911,,4.9,2.006,1.1466,0.6,Trade,235087294355,Buy,,0,False,0.00063063,22e696e7-0650-5528-8a24-78a991886aae,,0.6,,2025-11-04 05:16:00
NEARUSDT,Market,,,b3cbe665-6a18-4246-abb7-755ae84820b4,UNKNOWN,1762233360581,USDT,CreateByUser,-0.00451952,0.00055,,,1.911,1.911,,4.9,2.006,8.2173,4.3,Trade,235087294355,Buy,,0.6,False,0.00451952,f8ad3ba5-4dfe-5758-975a-9089159a490c,,4.3,,2025-11-04 05:16:00
NEARUSDT,Limit,,,43eb914e-b705-4d23-bdcd-aff488d783ed,UNKNOWN,1762228692630,USDT,CreateByUser,-0.0039678,0.0002,,,1.939,1.945,,10.2,1.945,19.839,0,Trade,235074086171,Sell,,0,True,0.0039678,92f16542-5b32-5903-89bd-aea4d8f00d96,,10.2,,2025-11-04 03:58:12
NEARUSDT,Limit,,,179e97da-1b17-41e0-b3ea-19137a6d2cc8,UNKNOWN,1762227276685,USDT,CreateByUser,-0.00395556,0.0002,,,1.933,1.939,,10.2,1.939,19.7778,0,Trade,235070811258,Sell,,0,True,0.00395556,05ed8154-9d13-5164-a751-450bebdc64b3,,10.2,,2025-11-04 03:34:36
NEARUSDT,Market,,,24bd1725-e0c2-41d0-977a-e2dcfd15a2fa,StopLoss,1762226083302,USDT,CreateByStopLoss,-0.00042548,0.00055,,,1.933,1.934,,5.3,2.029,0.7736,0.4,Trade,235067694957,Buy,,4.9,False,0.00042548,854e3417-43fe-54ed-bf49-d8154a804553,,0.4,,2025-11-04 03:14:43
NEARUSDT,Market,,,24bd1725-e0c2-41d0-977a-e2dcfd15a2fa,StopLoss,1762226083302,USDT,CreateByStopLoss,-0.00031911,0.00055,,,1.933,1.934,,5.3,2.029,0.5802,0.3,Trade,235067694957,Buy,,4.6,False,0.00031911,c240c5e7-a428-5a62-b73f-43237bf91f6f,,0.3,,2025-11-04 03:14:43
NEARUSDT,Market,,,24bd1725-e0c2-41d0-977a-e2dcfd15a2fa,StopLoss,1762226083302,USDT,CreateByStopLoss,-0.0010637,0.00055,,,1.933,1.934,,5.3,2.029,1.934,1,Trade,235067694957,Buy,,2.4,False,0.0010637,c6ca5c65-1dba-59b9-87bd-c42ae842957d,,1,,2025-11-04 03:14:43
NEARUSDT,Market,,,24bd1725-e0c2-41d0-977a-e2dcfd15a2fa,StopLoss,1762226083302,USDT,CreateByStopLoss,-0.00010637,0.00055,,,1.933,1.934,,5.3,2.029,0.1934,0.1,Trade,235067694957,Buy,,3.4,False,0.00010637,98b1d031-441c-57b4-bef4-5b63f0ce6594,,0.1,,2025-11-04 03:14:43
NEARUSDT,Market,,,24bd1725-e0c2-41d0-977a-e2dcfd15a2fa,StopLoss,1762226083302,USDT,CreateByStopLoss,-0.00117007,0.00055,,,1.933,1.934,,5.3,2.029,2.1274,1.1,Trade,235067694957,Buy,,3.5,False,0.00117007,197281d7-d030-5311-b04f-93f139c6eda4,,1.1,,2025-11-04 03:14:43
NEARUSDT,Market,,,24bd1725-e0c2-41d0-977a-e2dcfd15a2fa,StopLoss,1762226083302,USDT,CreateByStopLoss,-0.00053185,0.00055,,,1.933,1.934,,5.3,2.029,0.967,0.5,Trade,235067694957,Buy,,1.9,False,0.00053185,7f4e778b-83c6-5500-88cf-fe1c4fcfcef7,,0.5,,2025-11-04 03:14:43
NEARUSDT,Market,,,24bd1725-e0c2-41d0-977a-e2dcfd15a2fa,StopLoss,1762226083302,USDT,CreateByStopLoss,-0.00180829,0.00055,,,1.933,1.934,,5.3,2.029,3.2878,1.7,Trade,235067694957,Buy,,0.2,False,0.00180829,48627d49-bf1c-58b1-862d-598b048269dd,,1.7,,2025-11-04 03:14:43
NEARUSDT,Market,,,24bd1725-e0c2-41d0-977a-e2dcfd15a2fa,StopLoss,1762226083302,USDT,CreateByStopLoss,-0.00021274,0.00055,,,1.933,1.934,,5.3,2.029,0.3868,0.2,Trade,235067694957,Buy,,0,False,0.00021274,44535c5d-b0e3-5d9a-85fc-ca5b87ba5f69,,0.2,,2025-11-04 03:14:43
NEARUSDT,Market,,,e9868e7f-44d4-400a-9243-e0fb8a4dbb1e,UNKNOWN,1762220476467,USDT,CreateByUser,-0.0051771,0.00055,,,1.921,1.921,,4.9,2.017,9.4129,4.9,Trade,235054959704,Buy,,0,False,0.0051771,d2e87d1e-ccc8-5ea6-a4c6-9e922f034090,,4.9,,2025-11-04 01:41:16
NEARUSDT,Limit,,,dae53909-016a-45eb-837a-fc977e13fd48,UNKNOWN,1762220352142,USDT,CreateByUser,-0.00394332,0.0002,,,1.921,1.933,,10.2,1.933,19.7166,0,Trade,235054576910,Sell,,0,True,0.00394332,8177da1c-34b5-53a9-8237-abe741a6211d,,10.2,,2025-11-04 01:39:12
NEARUSDT,Market,,,3e12af3c-4dc3-418f-a397-992782683634,TakeProfit,1762172480367,USDT,CreateByTakeProfit,-0.00568013,0.00055,,,2.027,2.025,,5.1,1.926,10.3275,5.1,Trade,234888468212,Sell,,0,False,0.00568013,e22f7b92-ccc1-5e3a-bddb-cbb63219faba,,5.1,,2025-11-03 12:21:20
NEARUSDT,Market,,,b3dac4fe-47b7-4a6a-af75-08f4ca74f693,UNKNOWN,1762171969750,USDT,CreateByUser,-0.00553575,0.00055,,,2.013,2.013,,5,1.913,10.065,5,Trade,234887095980,Sell,,0,False,0.00553575,8c8f9123-f8fc-5a7e-b08b-9553546c20ad,,5,,2025-11-03 12:12:49
NEARUSDT,Limit,,,42244e4a-ca34-4c8f-8165-bcbb185b0dfe,UNKNOWN,1762168942796,USDT,CreateByUser,-0.00404,0.0002,,,2.006,2,,10.1,2,20.2,0,Trade,234880384136,Buy,,0,True,0.00404,b8abd607-b042-540a-86a3-b91988640ce3,,10.1,,2025-11-03 11:22:22
NEARUSDT,Market,,,f0f37d5c-1ccc-4b86-951f-4671775e97b3,TakeProfit,1762150600598,USDT,CreateByTakeProfit,-0.00542773,0.00055,,,2.016,2.014,,4.9,1.916,9.8686,4.9,Trade,234831550007,Sell,,0,False,0.00542773,47474fa6-5948-5ac3-87ae-af3cc520b9f4,,4.9,,2025-11-03 06:16:40
NEARUSDT,Market,,,344298fd-40ed-4107-bc7e-5613e9cf80ee,UNKNOWN,1762150575028,USDT,CreateByUser,-0.00542504,0.00055,,,2.015,2.013,,4.9,1.915,9.8637,4.9,Trade,234831495037,Sell,,0,False,0.00542504,310ecf9e-8f51-57c7-b409-0d5da207a8fb,,4.9,,2025-11-03 06:16:15
NEARUSDT,Limit,,,b794dfbf-154b-444d-ac08-f15048d2bd0f,UNKNOWN,1762150286197,USDT,CreateByUser,-0.0039396,0.0002,,,2.032,2.01,,9.8,2.01,19.698,0,Trade,234830547482,Buy,,0,True,0.0039396,597b6a98-8fc3-5fd3-94dd-9310b00d904a,,9.8,,2025-11-03 06:11:26
NEARUSDT,Market,,,1235b3c2-de75-453e-952a-e69e19a77657,StopLoss,1762141929392,USDT,CreateByStopLoss,-0.01698373,0.00055,,,2.047,2.045,,30.6,1.993,30.8795,15.1,Trade,234807054930,Sell,,10.7,False,0.01698373,9c184265-a8ca-5dd4-aae3-5965139d6219,,15.1,,2025-11-03 03:52:09
NEARUSDT,Market,,,1235b3c2-de75-453e-952a-e69e19a77657,StopLoss,1762141929392,USDT,CreateByStopLoss,-0.0053988,0.00055,,,2.047,2.045,,30.6,1.993,9.816,4.8,Trade,234807054930,Sell,,25.8,False,0.0053988,fce3de90-bb2b-5f6e-9588-00b7fd7478fd,,4.8,,2025-11-03 03:52:09
NEARUSDT,Market,,,1235b3c2-de75-453e-952a-e69e19a77657,StopLoss,1762141929392,USDT,CreateByStopLoss,-0.01203483,0.00055,,,2.047,2.045,,30.6,1.993,21.8815,10.7,Trade,234807054930,Sell,,0,False,0.01203483,aebb5e37-28e6-59e0-8d5e-387846a1bf46,,10.7,,2025-11-03 03:52:09
NEARUSDT,Limit,,,1b0f1224-c361-4f4d-92b4-e3f1ab06b2df,UNKNOWN,1762140153357,USDT,CreateByUser,-0.00423504,0.0002,,,2.098,2.076,,10.2,2.076,21.1752,0,Trade,234799961713,Buy,,0,True,0.00423504,8a63ac18-f354-5568-ad18-5fbd179ada30,,10.2,,2025-11-03 03:22:33
NEARUSDT,Limit,,,b218592b-2702-4aff-b47e-2c780aaa8c49,UNKNOWN,1762139407110,USDT,CreateByUser,-0.00427788,0.0002,,,2.119,2.097,,10.2,2.097,21.3894,0,Trade,234796743240,Buy,,0,True,0.00427788,8d14f151-2b3e-56b4-8be1-5108e34893b7,,10.2,,2025-11-03 03:10:07
NEARUSDT,Limit,,,3334975b-2eaf-41df-b240-614114a8aa71,UNKNOWN,1762138962515,USDT,CreateByUser,-0.00432072,0.0002,,,2.12,2.118,,10.2,2.118,21.6036,0,Trade,234795547672,Buy,,0,True,0.00432072,a00351e8-983b-56f2-89de-0849be2210b0,,10.2,,2025-11-03 03:02:42
NEARUSDT,Market,,,f0eb47bc-2916-4aa2-9a46-800fc45ebbe5,TakeProfit,1762138510304,USDT,CreateByTakeProfit,-0.00595502,0.00055,,,2.123,2.123,,5.1,2.017,10.8273,5.1,Trade,234794462647,Sell,,0,False,0.00595502,0a982dac-350e-5468-b7dc-59eaad33f3b4,,5.1,,2025-11-03 02:55:10
NEARUSDT,Market,,,65d3a583-30e1-4111-afba-f67a18a43f1c,UNKNOWN,1762138341847,USDT,CreateByUser,-0.005808,0.00055,,,2.113,2.112,,5,2.008,10.56,5,Trade,234794015761,Sell,,0,False,0.005808,7eff3226-6d19-52c4-8406-eb2a712ace77,,5,,2025-11-03 02:52:21
NEARUSDT,Limit,,,9ca7eae9-71c1-407f-ac10-36ecdebe2524,UNKNOWN,1762138202652,USDT,CreateByUser,-0.00423998,0.0002,,,2.105,2.099,,10.1,2.099,21.1999,0,Trade,234793605063,Buy,,0,True,0.00423998,770e833b-036c-5a50-b80f-8c4e12a9a66c,,10.1,,2025-11-03 02:50:02
NEARUSDT,Market,,,b0c075d6-995c-49eb-a92d-c27e38f7ac5a,TakeProfit,1762136900366,USDT,CreateByTakeProfit,-0.01746525,0.00055,,,2.117,2.117,,15,2.222,31.755,15,Trade,234789271833,Buy,,0,False,0.01746525,e8b477de-f4c1-5295-9bc8-874fa659aaf1,,15,,2025-11-03 02:28:20
NEARUSDT,Market,,,dd7add84-93b3-4991-9b01-4e95520ef54f,UNKNOWN,1762134995945,USDT,CreateByUser,-0.01764675,0.00055,,,2.14,2.139,,15,2.247,32.085,15,Trade,234783961825,Buy,,0,False,0.01764675,1c6c226f-3cb0-5e97-89a0-709aca30a393,,15,,2025-11-03 01:56:35
NEARUSDT,UNKNOWN,,,c140903c-b942-42c0-8755-e8d2871abade,UNKNOWN,1762128000000,USDT,,0.006567,-0.0001,,,2.181,2.189,,0,0,65.67,0,Funding,234767900492,Sell,,0,False,-0.006567,649f9223-53e1-45d3-8f15-2b291b2a6f1c,,30,,2025-11-03 00:00:00
NEARUSDT,Limit,,,1f4e2b4c-f59d-477c-b1fb-4d94e0deda6c,UNKNOWN,1762126771416,USDT,CreateByUser,-0.004364,0.0002,,,2.161,2.182,,10,2.182,21.82,0,Trade,234765236637,Sell,,0,True,0.004364,3830c180-09a2-556d-8a8f-aeed2dcb97db,,10,,2025-11-02 23:39:31
NEARUSDT,Limit,,,e2bba652-cf00-4cce-adf9-89df9a609be7,UNKNOWN,1762125067508,USDT,CreateByUser,-0.00077796,0.0002,,,2.161,2.161,,10,2.161,3.8898,0,Trade,234761792555,Sell,,0,True,0.00077796,565a692d-f76b-5c65-8fa1-2fc5b75996ff,,1.8,,2025-11-02 23:11:07
NEARUSDT,Limit,,,e2bba652-cf00-4cce-adf9-89df9a609be7,UNKNOWN,1762125060386,USDT,CreateByUser,-0.00354404,0.0002,,,2.139,2.161,,10,2.161,17.7202,0,Trade,234761779013,Sell,,1.8,True,0.00354404,703ae60a-adbc-598e-ad0e-d720e2a97e9a,,8.2,,2025-11-02 23:11:00
NEARUSDT,Limit,,,0457a962-2fbe-4a44-95d8-ccbe63ad5a34,UNKNOWN,1762122939150,USDT,CreateByUser,-0.00428,0.0002,,,2.139,2.14,,10,2.14,21.4,0,Trade,234758420715,Sell,,0,True,0.00428,4415722f-6cd0-56b6-a486-c1e62b48e7f0,,10,,2025-11-02 22:35:39
