feature,avg_profitable,avg_unprofitable,difference,difference_pct,std_profitable,std_unprofitable,n_profitable,n_unprofitable,abs_diff_pct
mfi_slope_12h,-0.5493848915813747,-5.382814456643091,-4.833429565061716,879.7893133080072,10.489481358418212,4.484141449530853,14,7,879.7893133080072
cumulative_delta,733333.1041262132,6851384.826278772,6118051.722152559,834.2800410520656,7492980.239212657,14716736.61368663,22,11,834.2800410520656
dist_from_vwap,-0.00266155612468222,0.012354099793663415,0.015015655918345635,-564.1682991050376,0.02719067824764463,0.0282916784594639,29,10,564.1682991050376
dist_from_sma_20,0.003241640671630118,0.0179286617256998,0.014687021054069683,453.0736914367516,0.023315784659314345,0.02784703475655501,22,8,453.0736914367516
mfi_slope_2h,-3.412111045016285,6.123469173880636,9.535580218896921,-279.4627751879456,11.392169273437553,4.230388071823303,7,4,279.4627751879456
volume_delta_negative,263072.0,-445616.0,-708688.0,-269.3893686899404,263072.0,0.0,2,1,269.3893686899404
ad_line,-0.4256514567725913,0.6301934387123957,1.055844895484987,-248.05386629960088,1.010071029288233,2.9177773921353554,9,4,248.05386629960088
resistance_touch_count,4.458333333333333,14.333333333333334,9.875,221.49532710280377,7.761975514576743,11.527744310527055,24,9,221.49532710280377
roc_5_atr_norm_4h,-0.8043032558154429,0.957512290131643,1.761815545947086,-219.04866519045342,0.9259655005530057,0.0,6,1,219.04866519045342
rsi_slope_2h,1.602453239856124,-1.527843450228198,-3.1302966900843217,-195.34402703478418,9.266125727072042,11.62502003628799,27,13,195.34402703478418
rsi_price_divergence_cont_1h,0.049523228107992784,-0.044742184821554266,-0.09426541292954704,-190.34585694613293,0.2185191217017873,0.08628797771996582,9,3,190.34585694613293
roc_5_atr_norm_1h,0.7911858643020243,-0.6809847260817465,-1.472170590383771,-186.0713969760448,0.0933546649980398,0.1860058870272612,2,2,186.0713969760448
vwap_distance_weighted,0.0012743814431897121,0.003622951782103114,0.002348570338913402,184.29100262438297,0.01689595764670223,0.04406981382249868,9,2,184.29100262438297
buy_sell_imbalance_20,0.2881527982510425,-0.23071492353539222,-0.5188677217864347,-180.06686901384532,0.2940708990581518,0.37571842922133136,5,3,180.06686901384532
dist_from_sma_20_1h,0.0006021517304697493,0.0016732045233587628,0.0010710527928890134,177.87091503556186,0.038984011580410725,0.012624524420329481,8,2,177.87091503556186
rsi_price_divergence_cont_12h,-0.041160240326155416,0.0307284075258501,0.07188864785200552,-174.65555905980372,0.23749117132011568,0.16494471595521668,31,12,174.65555905980372
hidden_divergence,-0.10344827586206896,-0.2727272727272727,-0.16927899686520376,163.63636363636363,0.4021346134376069,0.4453617714151233,29,11,163.63636363636363
dist_from_sma_50_2h,-0.012463197677841601,-0.03203818856692402,-0.019574990889082416,157.06234784259996,0.059346534051206254,0.04573039237743628,7,4,157.06234784259996
resistance_bounce_ratio,0.2222222222222222,0.5676691729323309,0.34544695071010867,155.4511278195489,0.31426968052735443,0.14661654135338348,3,2,155.4511278195489
rsi_slope_1h,1.3398337825428872,3.374749018660291,2.0349152361174037,151.87818538619865,7.973857696724698,9.07752070019633,23,6,151.87818538619865
rsi_price_divergence_cont_2h,0.03205255543510402,0.0794250809730713,0.04737252553796728,147.79640778995363,0.13433575201734735,0.20174898788781465,12,5,147.79640778995363
roc_10_atr_norm_2h,1.1017230652172125,-0.5190219028702509,-1.6207449680874633,-147.11001514413442,1.8940683097924453,0.5382220029495636,6,3,147.11001514413442
bbw,0.03872830975574701,0.09473600964910875,0.05600769989336174,144.61694880719804,0.01360911838435105,0.0,5,1,144.61694880719804
r1,764.754137037037,1842.0994650000002,1077.3453279629632,140.8747302939778,1425.4583263365726,1850.2557921372206,9,4,140.8747302939778
above_sma_100,0.23809523809523808,0.5714285714285714,0.3333333333333333,140.0,0.4259177099999599,0.4948716593053935,21,7,140.0
price_range,3.6486124999999645,8.568207142857089,4.919594642857124,134.83467051809893,10.673706005690647,20.760368567437414,20,7,134.83467051809893
rsi_slope_4h,-0.5546939183693629,0.17812646897715595,0.7328203873465189,-132.11256930683422,9.662705331465368,7.314510651849915,33,14,132.11256930683422
mfi_slope_6h,-7.903508564466063,2.397373314543166,10.300881879009228,-130.33302608567647,10.45736729311648,7.198785562111047,7,3,130.33302608567647
rsi_slope_6h,-5.698492802343345,1.0402663704159183,6.738759172759264,-118.25511422929478,5.630361811513223,8.20119246297745,20,8,118.25511422929478
sma_50_slope_1h,-0.010239685664698739,6.944359839677894e-05,0.010309129263095518,-100.67818095858338,0.005158801814457069,0.0,6,1,100.67818095858338
rsi_price_divergence_cont_6h,-0.17030436698895837,-0.014816405529104182,0.1554879614598542,-91.30004368586462,0.1410779125282939,0.20711898431542047,20,8,91.30004368586462
resistance_volume_interaction,-0.18868536641333758,-0.018638359634127678,0.1700470067792099,-90.12198985622544,0.2794388785693481,0.008573634285732188,8,6,90.12198985622544
vpt,-0.9845277152292399,-0.10471492734558095,0.8798127878836589,-89.36394316525677,2.280127775332092,3.2740774127888894,26,13,89.36394316525677
mfi_slope_1d,-5.101416023756269,-0.5669203075147493,4.53449571624152,-88.8870010821561,8.821201372270451,5.53960773203967,20,6,88.8870010821561
mfi_slope_4h,6.671032350245146,0.8062094131126608,-5.864822937132486,-87.91477284497003,11.864539620968346,8.905398376446747,21,7,87.91477284497003
resistance_100,0.531595,0.11630599999999999,-0.415289,-78.12131415833483,0.7486401362103157,0.07660413450982916,10,5,78.12131415833483
buy_sell_ratio_ma20,777258.8827005227,204459.70375199,-572799.1789485327,-73.69477425055454,1468882.8057301783,122802.81731261124,13,4,73.69477425055454
dist_from_sma_20_12h,-0.04878708952041777,-0.013248934757026378,0.035538154763391394,-72.84335899668375,0.001421435039428709,0.0,2,1,72.84335899668375
support_volume_interaction,0.06439794181001651,0.017682800622267913,-0.046715141187748596,-72.54135749487956,0.04811116300661694,0.0,4,1,72.54135749487956
sma_20_slope,0.0009586078649307094,0.00032663425322668747,-0.0006319736117040219,-65.92618679898924,0.008098253728845366,0.010719011307636288,23,10,65.92618679898924
mfi_14_6h,23.80693510033207,39.47081653953804,15.663881439205973,65.79545570730558,14.031065814098426,0.49454011635702955,9,2,65.79545570730558
vpt_ma_20,-0.7244300014278253,-0.26565063780236786,0.45877936362545746,-63.32970234822135,1.0099166862465563,1.416641393632242,31,13,63.32970234822135
sma_20_slope_12h,-0.02133335206912601,-0.03394935635622981,-0.0126160042871038,59.13746815889236,0.03250227258518848,0.01604217083143894,8,2,59.13746815889236
support_strength,3.0588235294117645,4.833333333333333,1.7745098039215685,58.01282051282052,2.858847736523028,3.7155828016013257,17,6,58.01282051282052
sma_50_slope,-0.0014672961179452457,-0.0006246505566813037,0.000842645561263942,-57.4284598015536,0.0033936421051258907,0.0032089726275852473,30,13,57.4284598015536
support_touch_count,12.05,18.857142857142858,6.807142857142857,56.49081209247184,11.284834956701848,17.763755808053748,20,7,56.49081209247184
sma_20_slope_1h,-0.007661373998010608,-0.003363437620430589,0.00429793637758002,-56.098767384232175,0.011794351699247441,0.008344583231066646,31,14,56.098767384232175
dist_from_swing_low_50_12h,0.5524846471301949,0.24399630181518736,-0.30848834531500746,-55.836546213077156,0.47363689889054295,0.36915032505863266,25,12,55.836546213077156
volume_volatility_interaction,0.644338592387375,0.9774988865961328,0.3331602942087578,51.70577987178247,0.0,0.0,1,1,51.70577987178247
roc_5_atr_norm_6h,-2.03580338338598,-0.9950704277494267,1.0407329556365532,-51.121486688247366,0.8717277594860279,1.3656284526699471,20,8,51.121486688247366
dist_from_swing_low_50_6h,0.04418898687313046,0.06663047985665548,0.022441492983525012,50.78526250886004,0.030951488869387325,0.04563803669052558,20,8,50.78526250886004
mfi_trend_adjusted,11.848384665169014,17.511643870135636,5.6632592049666215,47.797732475845784,8.808532557922895,8.843740903968168,15,8,47.797732475845784
cmf_20,0.320384223974314,0.1680935648787613,-0.1522906590955527,-47.53375718891896,0.21715417524272937,0.022061880050398747,3,2,47.53375718891896
roc_10_atr_norm_1h,-0.5117561300084413,-0.28049426307987474,0.2312618669285666,-45.1898577013141,1.3008082099901648,1.0810509557647867,24,11,45.1898577013141
sma_20_slope_1d,-0.03031266265776898,-0.017209307311617184,0.013103355346151795,-43.22733206940326,0.006899231843095349,0.004668254102641489,6,2,43.22733206940326
obv_ma_20,-0.3965186184611015,-0.23811472114087953,0.15840389732022195,-39.94866569821901,1.2598187415715378,1.4561779502491006,18,9,39.94866569821901
sr_proximity,-0.06034631623248264,-0.03833348246390059,0.022012833768582055,-36.477510381542054,0.47527925251850783,0.7351563404591296,21,8,36.477510381542054
dist_from_swing_low_50_1h,0.060166807734441184,0.03889556593116543,-0.021271241803275755,-35.35378160191054,0.04517839834698565,0.02666431969201977,17,10,35.35378160191054
dist_from_swing_low_50_1d,1.2679534515947877,0.8336355291965687,-0.434317922398219,-34.25345952976026,1.0068682310330157,0.4432440206747411,25,9,34.25345952976026
price_change_autocorr,0.08603353856904633,0.056929319728032744,-0.029104218841013586,-33.82892221462675,0.03543152474681272,0.07437512846948413,2,2,33.82892221462675
above_sma_50,0.3333333333333333,0.4444444444444444,0.1111111111111111,33.33333333333333,0.4714045207910317,0.4969039949999533,18,9,33.33333333333333
dist_from_r1,-0.06993905775455554,-0.047656488733440486,0.022282569021115056,-31.859978868050536,0.0544700575513545,0.0563064396430818,33,14,31.859978868050536
sma_50_slope_1d,-0.037836020466048774,-0.02578764262981431,0.012048377836234463,-31.843670893046955,0.01648966328750001,0.013518032358207076,18,4,31.843670893046955
dist_from_swing_high_50_1h,-0.07751039821199886,-0.0529927138678591,0.024517684344139756,-31.63147772390665,0.04951220618166708,0.04242781774859471,19,8,31.63147772390665
vwap_rsi_interaction,0.013019800609504988,0.008911838730664819,-0.004107961878840169,-31.551649691479827,0.025192352613225947,0.008401080859710164,8,6,31.551649691479827
rsi_price_divergence_cont_1d,-0.049896842193568346,-0.03430531260720188,0.015591529586366469,-31.247527701013915,0.07372604294052434,0.1067071711412843,13,6,31.247527701013915
dist_from_s1,0.038428173621161035,0.04919048348641238,0.010762309865251347,28.006300719233046,0.06754576222701118,0.052455068295967244,33,14,28.006300719233046
dist_from_swing_low_50,0.037444539283270135,0.04771819237196043,0.010273653088690292,27.436986234413258,0.027802878404053714,0.033068709728820644,31,13,27.436986234413258
rvol_ratio,0.9905405670936157,1.255154419870651,0.2646138527770353,26.714085375972967,0.48720712865592675,0.6381373704630132,23,10,26.714085375972967
stoch_k,51.26142214104478,64.78958496313578,13.528162822090998,26.390533576826115,26.730857309461616,33.64139117682964,5,4,26.390533576826115
dist_from_sma_50_12h,-0.12844384078105595,-0.09480655412006266,0.03363728666099329,-26.188322037435075,0.022987324721307406,0.0396840284346429,8,2,26.188322037435075
sma_20_slope_2h,-0.012034388225850524,-0.015140472032766264,-0.00310608380691574,25.81006818646337,0.016423442401205822,0.013112368755352566,18,8,25.81006818646337
resistance_strength,2.4782608695652173,3.111111111111111,0.6328502415458939,25.536062378167646,5.717019329939649,3.871389197818744,23,9,25.536062378167646
hl_spread,0.01947597456910432,0.014557591218202501,-0.004918383350901818,-25.253593002242297,0.016739841020063807,0.005277768413783836,15,8,25.253593002242297
rsi_slope_12h,-7.678380095094388,-5.906103770492382,1.7722763246020063,-23.08138308670457,7.793793635309612,6.310498622555225,33,14,23.08138308670457
rsi_14_6h,29.946131695938885,36.7896975960623,6.843565900123412,22.85292127080138,4.88293977669362,8.504511026319946,17,6,22.85292127080138
mfi_14_4h,32.1777800666725,39.3824630424964,7.2046829758239,22.390242462021202,14.933483182743302,11.068706537843758,8,8,22.390242462021202
dist_from_swing_low_50_2h,0.08019011609261356,0.06345991267531832,-0.01673020341729524,-20.86317395771458,0.060683216333184783,0.04773052902028592,24,12,20.86317395771458
rvol_ratio_6h,0.7045460128927481,0.8479987042884408,0.14345269139569272,20.36101102988291,0.07856294259778658,0.0,8,1,20.36101102988291
atr_normalized,0.009151487982475658,0.01096955766800688,0.0018180696855312223,19.86638335768648,0.0023259313543327496,0.00272554000997199,33,14,19.86638335768648
dist_from_swing_high_50,-0.03493347099953549,-0.028306746213708735,0.006626724785826755,-18.96955726476442,0.02379928212164202,0.02003187292725551,33,14,18.96955726476442
rsi_price_divergence_cont_4h,0.06488429878525445,0.07656454816608041,0.011680249380825958,18.001657719202168,0.240905591733374,0.21138130831559693,33,14,18.001657719202168
tr_percentile,0.6443441358024691,0.5356407995296883,-0.10870333627278073,-16.870384974855263,0.18228161112045668,0.1945148530576985,32,14,16.870384974855263
rsi_slope_1d,-2.1735632985290274,-2.5394352531365714,-0.36587195460754396,16.83281802076572,5.3964759873084285,6.030726279200352,33,14,16.83281802076572
rsi_14_2h,52.84432209846488,44.085364097960046,-8.758958000504833,-16.57502197527344,10.804402145939065,5.148674053612537,6,3,16.57502197527344
roc_5_atr_norm_12h,-0.47567717701828005,-0.5449767743335178,-0.06929959731523772,14.568619362743688,1.3042031230691382,0.793791037482613,13,6,14.568619362743688
bbw_squeeze,1.2981130613610339,1.4556596635251111,0.15754660216407723,12.136585545090671,0.7962244434686664,0.6554248079267906,11,5,12.136585545090671
obv,-0.4927908262591848,-0.5509281437842717,-0.058137317525086885,11.797564895112188,2.213173525616954,3.124781980240338,16,6,11.797564895112188
rvol_ratio_1h,0.8150791128196587,0.719935208959657,-0.09514390386000171,-11.672965527341747,0.4040361738386703,0.059691983773876266,6,3,11.672965527341747
higher_lows_count_20,9.0,10.0,1.0,11.11111111111111,0.0,0.0,1,1,11.11111111111111
rsi_14,49.95237405736141,55.443220984889805,5.490846927528395,10.992164098593461,13.859582776179021,15.844138707150364,23,11,10.992164098593461
rsi_volatility,9.156282773398996,10.101106357149256,0.9448235837502601,10.3188554474877,3.0896419117690592,3.9713556885106946,7,5,10.3188554474877
dist_from_sma_50_1d,-0.18038239253571023,-0.19880581213501786,-0.018423419599307628,10.21353544562857,0.09614410039839587,0.1013486873110769,7,5,10.21353544562857
mfi_14_2h,30.858778959123818,33.86184945593927,3.003070496815454,9.731656916151426,11.728031584918849,9.16776194007691,17,8,9.731656916151426
atr_normalized_12h,0.07558981501589197,0.0825823710170246,0.006992556001132633,9.25065896729939,0.013635653247793025,0.020264136631379697,7,4,9.25065896729939
mfi_14_12h,27.140151262957634,29.637001652130053,2.496850389172419,9.199839621307701,12.433114947314106,4.894170887004657,13,6,9.199839621307701
dist_from_swing_high_50_12h,-0.28993895563981387,-0.26532297978615216,0.02461597585366171,-8.49005467352297,0.06532046731947916,0.07801222538918617,26,13,8.49005467352297
sma_20_slope_4h,-0.018833789228319485,-0.017268947357871826,0.0015648418704476592,-8.308693760333052,0.012182048508490665,0.01270613574684759,23,11,8.308693760333052
rvol_ratio_2h,0.7205001548875967,0.7802822337453255,0.05978207885772879,8.297302707319368,0.24639407772282265,0.1313613205062723,9,4,8.297302707319368
adx_14,22.375793246879578,24.15209011206073,1.776296865181152,7.938475501550614,8.780140154748342,7.008950905921669,29,13,7.938475501550614
rvol_ratio_1d,0.6134639400644409,0.6611583206440248,0.04769438057958386,7.774602134654213,0.11338412431966627,0.15123104538137544,22,7,7.774602134654213
mfi_14_1h,48.95110523106413,45.471169332371964,-3.479935898692169,-7.10900373396231,15.857266704202397,6.940456278244413,18,4,7.10900373396231
mfi_14_1d,33.77619309214798,35.84410441890036,2.0679113267523803,6.122393133858274,7.7518587439116295,7.7928106581938525,15,7,6.122393133858274
atr_normalized_4h,0.040256840856560124,0.042669272736868366,0.0024124318803082426,5.9926010809045405,0.004968767508751753,0.007413649426360677,11,5,5.9926010809045405
mfi_slope_1h,2.5626020298384606,2.422718966586693,-0.13988306325176758,-5.458633905030717,17.169838305631547,0.0,4,1,5.458633905030717
rsi_14_4h,39.967689019512235,41.41536957458656,1.447680555074328,3.622127249758098,10.551541200855342,6.9989359068352,5,2,3.622127249758098
tape_speed_20,9.333333333333334,9.0,-0.3333333333333339,-3.5714285714285774,5.436502143433364,1.0,3,2,3.5714285714285774
roc_10_atr_norm_4h,-1.4711998029356763,-1.520723930330586,-0.049524127394909634,3.366240757787467,1.435819569183963,1.3739507427410447,24,11,3.366240757787467
dist_from_swing_low_50_4h,0.06470212597048221,0.06685069493930601,0.0021485689688238024,3.320708456788579,0.05022171021447057,0.043185255630256984,33,14,3.320708456788579
dist_from_swing_high_50_1d,-0.394151586645549,-0.38233128831447327,0.01182029833107573,-2.9989219202878505,0.10341652897455207,0.14896340718220497,22,10,2.9989219202878505
dist_from_swing_high_50_2h,-0.11725008992435837,-0.11395159956955678,0.003298490354801592,-2.8132092324445543,0.04475672697675584,0.05517862600997866,24,9,2.8132092324445543
sma_50_slope_4h,-0.01698728820058832,-0.01742259317083354,-0.00043530497024521844,2.5625336139887387,0.008097230018905277,0.012123540683068056,9,3,2.5625336139887387
dist_from_swing_high_50_6h,-0.19818436990142804,-0.20292930933270942,-0.004744939431281375,2.394204665908512,0.030183279693685047,0.038835811238000284,14,7,2.394204665908512
atr_normalized_1d,0.09117016273074532,0.08913504452155716,-0.002035118209188169,-2.232219564199446,0.024489668713161862,0.034747841434671495,28,10,2.232219564199446
rvol_ratio_12h,0.5836126062403795,0.5724717663935665,-0.011140839846813022,-1.9089443455620476,0.1005062484668826,0.12178209462644893,13,6,1.9089443455620476
avg_trade_size_momentum,0.9929961977499339,0.9747661203321814,-0.01823007741775251,-1.8358657826747682,0.01684406740823412,0.008976378303377774,3,2,1.8358657826747682
roc_10_atr_norm_1d,-1.5918254141471249,-1.6112087919459732,-0.019383377798848356,1.2176823932185845,0.7426720064170237,0.9878945844939447,19,5,1.2176823932185845
roc_10_atr_norm_12h,-2.322452548093148,-2.2954115054434867,0.02704104264966123,-1.1643313303371172,0.41249589345943816,0.5671349555863022,31,12,1.1643313303371172
rsi_14_1d,36.872014258114305,37.28571118766672,0.4136969295524153,1.1219808244171916,6.728531683941295,5.256522509885573,8,7,1.1219808244171916
rsi_14_12h,31.58142562346102,31.83002964352836,0.24860402006734006,0.7871842868380793,5.610759700114151,2.6974795360252455,11,5,0.7871842868380793
dist_from_swing_high_50_4h,-0.19790186963795997,-0.19878723400122178,-0.0008853643632618091,0.4473754416173466,0.05208286642845748,0.0639380401314508,25,9,0.4473754416173466
sr_strength,0.55,0.55,0.0,0.0,0.45,0.45,2,2,0.0
near_swing_high_alignment,0.0,0.05555555555555555,0.05555555555555555,0.0,0.0,0.07856742013183861,7,3,0.0
trend_alignment_score,0.0,0.2,0.2,0.0,0.0,0.0,2,1,0.0
above_sma_100_1d,0.0,0.0,0.0,0.0,0.0,0.0,3,2,0.0
