symbol,orderType,leverage,updatedTime,side,orderId,closedPnl,openFee,closeFee,avgEntryPrice,qty,cumEntryValue,createdTime,orderPrice,closedSize,avgExitPrice,execType,fillCount,cumExitValue,date,outcome
FARTCOINUSDT,Market,10.0,1754313378920,Sell,592b057f-43ef-4653-ad7f-0d3993a960a9,-0.483015,1.590765,1.59225,0.9641,3000.0,2892.3,1754313378916,0.8677,3000,0.965,Trade,6,2895,2025-08-04 13:16:18.916,LOSS
PONKEUSDT,Market,10.0,1754316468199,Buy,2a7d1735-2512-4ac9-8e96-bdaaa5cdf98a,-70.81256203,1.56302228,1.60022961,0.11367434,25000.0,2841.85864986,1754316468194,0.12504,25000,0.11638032,Trade,48,2909.50796,2025-08-04 14:07:48.194,LOSS
PONKEUSDT,Market,10.0,1754318049907,Sell,02d847c7-fbeb-48ac-940f-14492e6a57a9,13.48948632,1.59525233,1.60443135,0.11601834,25000.0,2900.45846,1754318049903,0.10442,25000,0.1166859,Trade,41,2917.14763,2025-08-04 14:34:09.903,WIN
1000PEPEUSDT,Market,3.0,1754335466806,Buy,631144ba-928e-4124-b71f-22253bb86edf,-63.54606374,0.83500806,0.8693025,0.0101213,150000.0,1518.19645,1754335466802,0.011063,150000,0.010537,Trade,1,1580.55,2025-08-04 19:24:26.802,LOSS
PONKEUSDT,Market,10.0,1754335642327,Buy,af1a9203-f920-4709-af12-98bd5a85829c,-73.49819198,1.8814319,1.91986022,0.11402615,30000.0,3420.78451014,1754335642322,0.12542,30000,0.11635515,Trade,63,3490.65445,2025-08-04 19:27:22.322,LOSS
PONKEUSDT,Market,10.0,1754337423021,Sell,807bff7b-652b-46e0-925d-955fed294604,-0.48853428,0.31873114,0.31881314,0.11590223,5000.0,579.51113,1754337423017,0.10432,5000,0.11593202,Trade,17,579.66014,2025-08-04 19:57:03.017,LOSS
DOGEUSDT,Market,10.0,1754337430643,Sell,622d5f24-d7a6-4124-af06-a5c7e19a0c19,-0.05650544,1.123485,1.12469044,0.20427,10000.0,2042.7,1754337430639,0.19429,10000,0.20448916,Trade,6,2044.89167,2025-08-04 19:57:10.639,LOSS
DOGEUSDT,Market,10.0,1754338462291,Buy,785cb75a-2ed4-4346-a221-f8eb825c50e6,0.32214249,0.5643275,0.56353001,0.20521,5000.0,1026.05,1754338462287,0.21513,5000,0.20492,Trade,4,1024.6,2025-08-04 20:14:22.287,WIN
1000PEPEUSDT,Market,3.0,1754339051326,Buy,edfd1e03-d8ab-4880-ae99-37e718cd7328,-34.24939312,0.41750403,0.4360125,0.0101213,75000.0,759.098225,1754339051322,0.011102,75000,0.01057,Trade,1,792.75,2025-08-04 20:24:11.322,LOSS
1000PEPEUSDT,Market,3.0,1754339067190,Buy,9d8a2732-f68c-42e8-bbc5-46d90dc79ee3,-33.87418687,0.41750403,0.43580625,0.0101213,75000.0,759.098225,1754339067186,0.011095,75000,0.010565,Trade,2,792.375,2025-08-04 20:24:27.186,LOSS
PONKEUSDT,Market,10.0,1754339345714,Sell,f397fec6-6d76-484a-907f-3497130c8df2,-1.37185804,0.31981554,0.3194125,0.11629653,5000.0,581.48263,1754339345710,0.10467,5000,0.11615,Trade,2,580.75,2025-08-04 20:29:05.710,LOSS
PONKEUSDT,Market,10.0,1754339777484,Sell,5fd2a96d-a645-41f3-911d-67cf74496f38,0.09035584,0.32118046,0.3215837,0.11679288,5000.0,583.96437,1754339777480,0.10512,5000,0.11693949,Trade,18,584.69749,2025-08-04 20:36:17.480,WIN
PONKEUSDT,Market,5.0,1754345475157,Sell,0c678fff-1626-49d3-b153-8c1a115d0230,-2.41613998,0.32772446,0.32675552,0.11917252,5000.0,595.86259,1754345475153,0.10099,5000,0.11882018,Trade,2,594.10093,2025-08-04 22:11:15.153,LOSS
PONKEUSDT,Market,5.0,1754375827703,Sell,09b2694d-6e23-470f-828b-be99e571c814,-0.90393655,0.31756223,0.31741432,0.11547716,5000.0,577.38578,1754375827699,0.09818,5000,0.11542336,Trade,16,577.11682,2025-08-05 06:37:07.699,LOSS
PONKEUSDT,Market,10.0,1754413904587,Buy,c44604cd-9b21-47bb-a62a-5b8ed05db782,13.77395399,0.12733509,0.11963592,0.11575915,2000.0,231.51831,1754413904584,0.12506,2000,0.10875991,Trade,6,217.51982,2025-08-05 17:11:44.584,WIN
PONKEUSDT,Market,5.0,1754420885226,Sell,80fff930-b761-4404-ad3c-ca36ceb43e2a,0.92643414,0.29903343,0.29987243,0.10873942,5000.0,543.69709,1754420885222,0.09272,5000,0.10904448,Trade,18,545.22243,2025-08-05 19:08:05.222,WIN
PONKEUSDT,Market,5.0,1754423893533,Sell,90b5fead-f5f2-460e-a8d9-1d0faf1ceb4e,-2.44269772,0.29855171,0.29753601,0.10856423,5000.0,542.82113,1754423893530,0.09202,5000,0.1081949,Trade,9,540.97452,2025-08-05 19:58:13.530,LOSS
PONKEUSDT,Market,5.0,1754430650801,Sell,13487973-5b9f-4a16-95f6-00f2fc6ba1e6,-10.34036404,0.2992275,0.29386654,0.10881,5000.0,544.05,1754430650797,0.09101,5000,0.10686054,Trade,10,534.30273,2025-08-05 21:50:50.797,LOSS
1000PEPEUSDT,Market,10.0,1754430718024,Buy,de3799d8-3614-4674-84de-0c4abb9b0ac3,1.59437371,1.10726,1.10516629,0.010066,200000.0,2013.2,1754430718020,0.010544,200000,0.01004697,Trade,16,2009.3932,2025-08-05 21:51:58.020,WIN
1000PEPEUSDT,Market,10.0,1754430794449,Buy,ada463ca-059b-43f1-a7b6-100e65593ebe,-3.44513867,1.10528,1.10595867,0.010048,200000.0,2009.6,1754430794445,0.010553,200000,0.01005417,Trade,23,2010.8339,2025-08-05 21:53:14.445,LOSS
PONKEUSDT,Market,5.0,1754469396908,Sell,bf815642-4e06-45a3-b04e-2561380f9012,7.05988263,0.29551737,0.2997725,0.10746084,5000.0,537.30419,1754469396905,0.09267,5000,0.10900817,Trade,10,545.04087,2025-08-06 08:36:36.905,WIN
PONKEUSDT,Market,10.0,1754481146544,Buy,34672428-7681-418b-94f7-6bed55a524f9,-1.93760581,0.60519288,0.60559284,0.11003508,10000.0,1100.35081991,1754481146540,0.12103,10000,0.11010777,Trade,40,1101.07764,2025-08-06 11:52:26.540,LOSS
HBARUSDT,Market,10.0,1754597540363,Sell,745a27ce-5f0c-45c3-bfc6-735b3dbbdfa2,2.31408498,1.39155501,1.39436001,0.25301,10000.0,2530.1,1754597540360,0.24089,10000,0.25352,Trade,2,2535.2,2025-08-07 20:12:20.360,WIN
PONKEUSDT,Market,5.0,1754604090986,Buy,3ad1fd76-18fc-4477-9f32-1c9d1edc05a2,-139.08955742,0.9212313,0.9970591,0.11166438,15000.0,1674.96576811,1754604090982,0.13399,15000,0.12085564,Trade,32,1812.8345,2025-08-07 22:01:30.982,LOSS
PONKEUSDT,Market,5.0,1754607459979,Sell,33ce4eeb-abee-4468-b90d-c98244365575,12.01636477,1.67696839,1.68542684,0.12196134,25000.0,3049.0333,1754607459975,0.10425,25000,0.12257648,Trade,52,3064.41206,2025-08-07 22:57:39.975,WIN
PONKEUSDT,Market,5.0,1754639994607,Buy,27093da9-8bd1-4171-b87c-8d4d0d77b87d,-164.16477313,1.10547778,1.19508296,0.11166438,18000.0,2009.95892198,1754639994603,0.13399,18000,0.12071544,Trade,40,2172.87782,2025-08-08 07:59:54.603,LOSS
PONKEUSDT,Market,10.0,1754640824183,Sell,a60a1601-3d53-40c8-a331-028d9a043c0c,2.06009368,1.66902786,1.67199846,0.12138384,25000.0,3034.59578,1754640824179,0.10925,25000,0.12159987,Trade,42,3039.9969,2025-08-08 08:13:44.179,WIN
PONKEUSDT,Market,5.0,1754642607700,Buy,64101292-e5d2-4766-9cbd-c8ec44aeb85c,-5.8143732,0.99424507,0.99634813,0.12051453,15000.0,1807.71801,1754642607696,0.13881,15000,0.12076946,Trade,37,1811.54179,2025-08-08 08:43:27.696,LOSS
FARTCOINUSDT,Market,3.0,1755007695732,Sell,9ec307a8-83ea-4bf6-889d-aca698b87c06,0.08062625,0.01575602,0.01581773,0.8681,33.0,28.6473,1755007695728,0.7407,33,0.8715,Trade,1,28.7595,2025-08-12 14:08:15.728,WIN
FARTCOINUSDT,Market,10.0,1755018806237,Sell,03117271-2870-44fe-8954-84a9f8b47944,9.92295853,0.0526471,0.05817075,0.8702,110.0,95.722,1755018806233,0.8173,110,0.9615,Trade,2,105.765,2025-08-12 17:13:26.233,WIN
FARTCOINUSDT,Market,10.0,1755024781795,Sell,6a27a532-b279-479d-9de3-4b56b251c1e1,1.61003822,0.10672915,0.10773263,0.9466,205.0,194.053,1755024781791,0.852,205,0.9555,Trade,2,195.8775,2025-08-12 18:53:01.791,WIN
1000PEPEUSDT,Market,3.5,1755671362258,Buy,517a2827-18cb-457a-a14a-7d5a66df0406,10.89653578,1.992045,1.991605,0.01034828,350000.0,3621.9,1755671362254,0.010862,350000,0.010346,Trade,2,3621.1,2025-08-20 06:29:22.254,WIN
DOGEUSDT,Market,10.0,1755677842329,Sell,44a47c3e-c9f4-4eba-9500-f26c0d7b3a62,9.83294248,1.75485752,1.7622,0.21271,15000.0,3190.65,1755677842325,0.203,15000,0.2136,Trade,6,3204,2025-08-20 08:17:22.325,WIN
DOGEUSDT,Market,10.0,1755678907868,Sell,fd29c12b-6dcf-4cba-a721-ceffceb123e6,3.75061069,1.7629425,1.76694681,0.21369,15000.0,3205.35,1755678907864,0.20353,15000,0.21417536,Trade,8,3212.6305,2025-08-20 08:35:07.864,WIN
1000PEPEUSDT,Market,10.0,1755686943647,Buy,8e46230b-4419-431e-a513-02a44ca33c72,-2.49897083,0.28550551,0.28656532,0.01038201,50000.0,519.1009,1755686943642,0.010939,50000,0.01042056,Trade,23,521.0278,2025-08-20 10:49:03.642,LOSS
DOGEUSDT,Market,10.0,1755689513663,Sell,42cef8b8-911c-4357-b3b4-52c9edce0148,-12.52986326,0.59237826,0.586135,0.21541027,5000.0,1077.05135,1755689513660,0.20249,5000,0.21314,Trade,2,1065.7,2025-08-20 11:31:53.660,LOSS
DOGEUSDT,Market,10.0,1755696950951,Sell,ea874448-e091-4b2c-9c88-6ba03da858bf,-3.91644409,0.5853925,0.58388159,0.21287,5000.0,1064.35,1755696950947,0.20174,5000,0.21232056,Trade,9,1061.60283,2025-08-20 13:35:50.947,LOSS
DOGEUSDT,Market,10.0,1755700110466,Buy,325bfa0c-c04c-482a-ab5c-6fbbe4e9ab61,4.88413747,0.58459502,0.58126751,0.21258,5000.0,1062.9,1755700110461,0.2219,5000,0.21137,Trade,2,1056.85,2025-08-20 14:28:30.461,WIN
DOGEUSDT,Market,10.0,1755717757180,Sell,3c3a1aec-8498-4a3c-b969-a9c951aebb38,17.43018039,0.594,0.60428501,0.216,5000.0,1080,1755717757176,0.20876,5000,0.21974,Trade,2,1098.7,2025-08-20 19:22:37.176,WIN
1000PEPEUSDT,Market,10.0,1755776898395,Buy,cfa4ebfc-7333-44be-9ce2-f9c285556e96,-0.6223575,0.286165,0.2861925,0.010406,50000.0,520.3,1755776898391,0.010927,50000,0.010407,Trade,1,520.35,2025-08-21 11:48:18.391,LOSS
LINKUSDT,Market,10.0,1755861196697,Buy,7a4e2153-4273-443c-b4f1-75ad9cbffd54,3.5058318,0.4582996,0.4558686,24.508,34.0,833.272,1755861196694,25.596,34,24.378,Trade,1,828.852,2025-08-22 11:13:16.694,WIN
LINKUSDT,Market,10.0,1755872044541,Buy,cf8eb5c0-1f8b-44e0-a741-0ad919d4963c,-43.68720594,0.41722494,0.440781,25.28636,30.0,758.5908,1755872044536,27.814,30,26.714,Trade,1,801.42,2025-08-22 14:14:04.536,LOSS
DOGEUSDT,Market,10.0,1756035133466,Buy,8366e9e4-3a71-413c-a9a5-f269395f3d0d,0.76840499,1.266705,1.26489001,0.23031,10000.0,2303.1,1756034730043,0.2414,10000,0.22998,Trade,2,2299.8,2025-08-24 11:25:30.043,WIN
DOGEUSDT,Market,10.0,1756109405923,Buy,f2ad4003-edef-4eda-9b3f-454c7b457835,204.00261607,2.35614472,2.24200206,0.23133703,18518.0,4283.89914,1756109405919,0.23103,18518,0.22013,Trade,5,4076.36734,2025-08-25 08:10:05.919,WIN
DOGEUSDT,Market,10.0,1756109849377,Sell,3dd5cb96-c838-4b4b-9e6e-2faa8e07d629,-1.73446502,1.21704001,1.21742501,0.22128,10000.0,2212.8,1756109849373,0.21033,10000,0.22135,Trade,3,2213.5,2025-08-25 08:17:29.373,LOSS
DOGEUSDT,Market,10.0,1756116302720,Sell,403c0941-e331-40c3-a064-3d3ad24cb971,-5.56767864,0.6065125,0.60411614,0.22055,5000.0,1102.75,1756116302716,0.20872,5000,0.21967859,Trade,5,1098.39295,2025-08-25 10:05:02.716,LOSS
DOGEUSDT,Market,10.0,1756127754917,Sell,697b87a8-5bdb-48c8-b496-09f8c72899be,-0.60307,0.60137,0.6017,0.21868,5000.0,1093.4,1756125088621,0.20804,5000,0.2188,Trade,1,1094,2025-08-25 12:31:28.621,LOSS
DOGEUSDT,Market,10.0,1756130147686,Sell,55a272cf-2615-430b-a49c-fd895343ecad,-0.64897524,0.60139524,0.6017,0.21868918,5000.0,1093.44588,1756129753973,0.2079,5000,0.2188,Trade,30,1094,2025-08-25 13:49:13.973,LOSS
DOGEUSDT,Market,10.0,1756130437365,Sell,47455ef8-7464-40d3-820e-25049cafed89,-1.03781668,0.60216751,0.60225917,0.21897,5000.0,1094.85,1756130437361,0.20811,5000,0.21900332,Trade,19,1095.01661,2025-08-25 14:00:37.361,LOSS
DOGEUSDT,Market,10.0,1756135523017,Buy,e751d40f-fe5c-495f-9439-c8c7cfbe1a00,-4.98362803,0.6017,0.60377803,0.2188,5000.0,1094,1756135523013,0.23052,5000,0.21955563,Trade,10,1097.77815,2025-08-25 15:25:23.013,LOSS
DOGEUSDT,Market,10.0,1756242838310,Sell,a152d133-f88c-4e99-b0eb-899cfccce017,25.49549405,1.18123501,1.19658001,0.21477,10000.0,2147.7,1756242838306,0.20671,10000,0.21756,Trade,2,2175.6,2025-08-26 21:13:58.306,WIN
DOGEUSDT,Market,10.0,1756277725946,Sell,fe7e8b02-8744-47df-91b1-fd2da069d213,0.05200059,0.12084391,0.1210055,0.21971615,1000.0,219.71615,1756277725943,0.20902,1000,0.22001,Trade,1,220.01,2025-08-27 06:55:25.943,WIN
DOGEUSDT,Market,10.0,1756299699459,Sell,cb9bc57f-7d09-4088-aee2-d70918d340e6,-0.80161501,0.1209615,0.12065351,0.21993,1000.0,219.93,1756299699454,0.20835,1000,0.21937,Trade,3,219.37,2025-08-27 13:01:39.454,LOSS
DOGEUSDT,Market,10.0,1756303299278,Buy,90f99170-6367-4980-af4b-51fedc024530,-0.341307,0.120626,0.120681,0.21932,1000.0,219.32,1756303299274,0.2304,1000,0.21942,Trade,1,219.42,2025-08-27 14:01:39.274,LOSS
DOGEUSDT,Market,10.0,1756317070584,Sell,6c1f4e2d-cada-459f-a077-6f2401e6c1d3,6.03713139,0.241186,0.244794,0.21926,2000.0,438.52,1756317070580,0.2114,2000,0.22254,Trade,1,445.08,2025-08-27 17:51:10.580,WIN
DOGEUSDT,Market,10.0,1756322907473,Sell,bfb04360-9be0-420b-b9d9-9e6533d43d60,1.58467649,0.3620265,0.36329701,0.21941,3000.0,658.23,1756322907469,0.20921,3000,0.22018,Trade,3,660.54,2025-08-27 19:28:27.469,WIN
DOGEUSDT,Market,10.0,1756323511366,Sell,dd0786d1-1abb-4878-b20e-5289a1e58733,-0.813575,0.6066775,0.6068975,0.22061,5000.0,1103.05,1756323511362,0.20965,5000,0.22069,Trade,2,1103.45,2025-08-27 19:38:31.362,LOSS
DOGEUSDT,Market,10.0,1756325447658,Sell,894da32c-f86b-41b8-9c15-42ab8716caaf,-0.95644551,0.36240151,0.362274,0.21963726,3000.0,658.91177,1756325447655,0.20859,3000,0.21956,Trade,1,658.68,2025-08-27 20:10:47.655,LOSS
DOGEUSDT,Market,10.0,1756332926757,Buy,fb3bd12d-4eb5-4707-a560-d0ab090fd603,3.7665475,0.422994,0.4204585,0.21973714,3500.0,769.08,1756332926753,0.22935,3500,0.21842,Trade,1,764.47,2025-08-27 22:15:26.753,WIN
DOGEUSDT,Market,10.0,1756397515478,Buy,56d72c6f-c6de-4d21-9320-efbb3cedf819,0.50147258,0.66137391,0.66049831,0.22268481,5400.0,1202.498,1756395846296,0.23349,5400,0.22239,Trade,2,1200.906,2025-08-28 15:44:06.296,WIN
DOGEUSDT,Market,10.0,1756408329943,Buy,d8446ac5-2004-4b3e-92d1-a799ccfb6975,-1.13404782,0.24484681,0.24520101,0.222588,2000.0,445.176,1756408329939,0.23404,2000,0.22291,Trade,2,445.82,2025-08-28 19:12:09.939,LOSS
DOGEUSDT,Market,10.0,1756447584590,Buy,488365ef-73c3-4650-b49e-12f742363f6a,5.97879498,0.48735501,0.48358201,0.221525,4000.0,886.1,1756409928777,0.23084,4000,0.21981,Trade,4,879.24,2025-08-28 19:38:48.777,WIN
DOGEUSDT,Market,10.0,1756459258584,Buy,970dfccf-2ee1-4d2e-ab63-a8cff8acbe24,0.78984896,0.23542204,0.234729,0.21402,2000.0,428.04,1756459258580,0.22407,2000,0.21339,Trade,1,426.78,2025-08-29 09:20:58.580,WIN
DOGEUSDT,Market,10.0,1756470780360,Sell,f3abe10d-fb02-43f5-8bc3-6ac82db495fc,-2.10352707,0.24220907,0.241318,0.22019,2000.0,440.38,1756470780356,0.20836,2000,0.21938,Trade,1,438.76,2025-08-29 12:33:00.356,LOSS
DOGEUSDT,Market,10.0,1756471478778,Sell,64de315e-3e1d-4d37-9a10-9279ab1d5dd0,-1.93169432,0.24052131,0.23972301,0.21865573,2000.0,437.31145,1756471478775,0.20705,2000,0.21793,Trade,2,435.86,2025-08-29 12:44:38.775,LOSS
DOGEUSDT,Market,10.0,1756474045231,Buy,51e67566-de83-4705-ac4d-91cdbbf0dc47,2.00341997,0.59917003,0.59741,0.21788,5000.0,1089.4,1756474045227,0.22809,5000,0.21724,Trade,1,1086.2,2025-08-29 13:27:25.227,WIN
DOGEUSDT,Market,10.0,1756485835338,Sell,0621b9e6-31fd-45a0-ba93-7089f12a8fee,-0.74035746,0.47062346,0.470734,0.21391975,4000.0,855.679,1756485835334,0.2033,4000,0.21397,Trade,1,855.88,2025-08-29 16:43:55.334,LOSS
PONKEUSDT,Market,5.0,1756513737124,Sell,9b9ef5ff-6a39-441c-85f3-65528dabc44a,1.78882422,0.56159347,0.56325231,0.1021079,10000.0,1021.07893,1756513737121,0.08703,10000,0.10240949,Trade,21,1024.09491,2025-08-30 00:28:57.121,WIN
DOGEUSDT,Market,10.0,1756542146108,Sell,3923d4cc-d269-4426-9714-cc83a7b115e9,0.899991,0.356961,0.357885,0.21634,3000.0,649.02,1756542146104,0.20607,3000,0.2169,Trade,1,650.7,2025-08-30 08:22:26.104,WIN
DOGEUSDT,Market,10.0,1756557766944,Sell,a2d73379-b117-4eb0-8742-00b0dfd058fd,-6.89286479,0.356103,0.35270179,0.21582,3000.0,647.46,1756557766941,0.2031,3000,0.21375864,Trade,7,641.27594,2025-08-30 12:42:46.941,LOSS
DOGEUSDT,Market,10.0,1756575936549,Sell,b8dfb25d-72b0-4d67-b46d-0f4d71b1e1e5,0.00728995,0.35374351,0.35417254,0.21439,3000.0,643.17,1756572776253,0.20397,3000,0.21465,Trade,15,643.95,2025-08-30 16:52:56.253,WIN
DOGEUSDT,Market,10.0,1756677117778,Sell,92ef9f09-6961-4922-97a8-6023c461acd4,0.23600696,0.35894103,0.35950201,0.21754,3000.0,652.62,1756677117774,0.20701,3000,0.21788,Trade,4,653.64,2025-08-31 21:51:57.774,WIN
DOGEUSDT,Market,10.0,1756683022404,Sell,ae859669-e6ee-42d6-bbfd-e171f881db3c,-9.153144,0.13011,0.353034,0.21685,3000.0,650.55,1756681576232,0.2035,3000,0.21396,Trade,1,641.88,2025-08-31 23:06:16.232,LOSS
DOGEUSDT,Market,10.0,1756706333122,Sell,fb96b032-c7d7-40c6-a5e0-8cd6c096d7dc,-0.96361051,0.3468795,0.34673101,0.21023,3000.0,630.69,1756706333118,0.1997,3000,0.21014,Trade,3,630.42,2025-09-01 05:58:53.118,LOSS
DOGEUSDT,Market,10.0,1756711466919,Sell,d1255880-9d3e-46a7-b2e0-a175e350d301,3.62297392,0.34732507,0.34970101,0.2105,3000.0,631.5,1756711466915,0.20137,3000,0.21194,Trade,2,635.82,2025-09-01 07:24:26.915,WIN
DOGEUSDT,Market,10.0,1756725934518,Sell,704d88be-38d7-44d0-bf80-1f9978504af7,8.67121581,0.351879,0.357027,0.21326,3000.0,639.78,1756725934514,0.20559,3000,0.21638,Trade,1,649.14,2025-09-01 11:25:34.514,WIN
DOGEUSDT,Market,10.0,1756730968073,Sell,42517045-c318-42b7-9066-7ae320ba4932,-0.054186,0.3569115,0.3572745,0.21631,3000.0,648.93,1756730968069,0.20574,3000,0.21653,Trade,1,649.59,2025-09-01 12:49:28.069,LOSS
HBARUSDT,Market,10.0,1756735457680,Sell,01395424-6717-44a9-a271-5e506090717c,-23.87115219,1.20316717,1.19135502,0.21875767,10000.0,2187.57663,1756735457676,0.20579,10000,0.21661,Trade,3,2166.1,2025-09-01 14:04:17.676,LOSS
HBARUSDT,Market,10.0,1756746830437,Buy,91427506-afd7-4b89-8579-de4e60a304bf,10.80040653,1.18211502,1.17487845,0.21493,10000.0,2149.3,1756746830434,0.22425,10000,0.21361426,Trade,8,2136.1426,2025-09-01 17:13:50.434,WIN
HBARUSDT,Market,10.0,1756757301297,Sell,17a8fdac-8a4c-4ca8-81a4-5a74d6f3a9ed,-15.33808222,1.19281573,1.18580649,0.21687558,10000.0,2168.75576,1756757301293,0.20484,10000,0.21560117,Trade,6,2156.01179,2025-09-01 20:08:21.293,LOSS
HBARUSDT,Market,10.0,1756759165368,Buy,caf19452-0d93-4bc5-8232-d1009a563637,11.81197307,1.18600693,1.17821,0.21563761,10000.0,2156.37619,1756759165364,0.22499,10000,0.21422,Trade,2,2142.2,2025-09-01 20:39:25.364,WIN
HBARUSDT,Market,10.0,1756759795954,Buy,dad14757-d8ca-469e-8fbf-5835f7e584e0,-1.59374049,1.17683411,1.17641638,0.21396983,10000.0,2139.69834,1756759795951,0.2246,10000,0.21389389,Trade,4,2138.93883,2025-09-01 20:49:55.951,LOSS
1000PEPEUSDT,Market,10.0,1756761365707,Buy,5f65ff9b-70a0-4eff-9a96-ae38fcaf6254,-7.12949325,2.55449129,2.55560196,0.00928905,500000.0,4644.5296,1756761365703,0.009757,500000,0.0092931,Trade,9,4646.549,2025-09-01 21:16:05.703,LOSS
1000PEPEUSDT,Market,10.0,1756818088876,Buy,fc4082c6-cdaa-4096-987f-1d7d842f7e54,21.95291468,2.34819904,2.33381567,0.00948767,450000.0,4269.4528,1756818088872,0.009899,450000,0.00942956,Trade,4,4243.3012,2025-09-02 13:01:28.872,WIN
1000PEPEUSDT,Market,10.0,1756819828744,Buy,6ca3a031-af80-4131-a777-a14e2388dcef,0.290615,0.10483,0.104555,0.00953,20000.0,190.6,1756819828740,0.009984,20000,0.009505,Trade,1,190.1,2025-09-02 13:30:28.740,WIN
1000PEPEUSDT,Market,10.0,1756820752110,Buy,c3d8a7a8-2cf7-4915-a43d-9cf199c1e9a9,-26.53920477,0.521895,0.53590977,0.009489,100000.0,948.9,1756820593822,0.01023,100000,0.00974382,Trade,16,974.3814,2025-09-02 13:43:13.822,LOSS
DOGEUSDT,Market,10.0,1756820823702,Sell,cb2b7f3b-8856-4c04-ab34-5c755031ea09,1.67035049,0.34917301,0.3504765,0.21162,3000.0,634.86,1756820823697,0.20204,3000,0.21241,Trade,1,637.23,2025-09-02 13:47:03.697,WIN
HBARUSDT,Market,10.0,1756893982425,Sell,2751f903-3e86-4632-801a-e1504bbda846,-0.32757278,1.20793677,1.20908601,0.21962487,10000.0,2196.24863,1756893564898,0.20889,10000,0.2198338,Trade,13,2198.33808,2025-09-03 09:59:24.898,LOSS
DOGEUSDT,Market,10.0,1756911232597,Sell,65eb4d4c-eeba-433f-9ad3-c275c2bbf4d1,0.40193705,0.60046045,0.6013425,0.21834926,5000.0,1091.74626,1756911232593,0.20774,5000,0.21867,Trade,1,1093.35,2025-09-03 14:53:52.593,WIN
HBARUSDT,Market,10.0,1756929024831,Sell,38415ae8-037d-4225-95cc-68db0dfb78ad,-1.22374001,1.21154001,1.2122,0.22028,10000.0,2202.8,1756929024828,0.2094,10000,0.2204,Trade,1,2204,2025-09-03 19:50:24.828,LOSS
HBARUSDT,Market,10.0,1756930220090,Sell,913b3b7f-70fb-43f1-988b-7c627ddc47e8,-3.83041018,1.21572001,1.21495017,0.22104,10000.0,2210.4,1756930220086,0.20989,10000,0.22090002,Trade,8,2209.00026,2025-09-03 20:10:20.086,LOSS
DOGEUSDT,Market,10.0,1756931094133,Sell,c9c980b2-332a-4ccb-8c49-bc41c21f8262,-0.11225951,0.06112701,0.0611325,0.22228,500.0,111.14,1756931094129,0.21117,500,0.2223,Trade,1,111.15,2025-09-03 20:24:54.129,LOSS
DOGEUSDT,Market,10.0,1756969977971,Sell,236d1f6a-c0d7-4781-ae34-51e19690dfa7,-1.38140003,0.59075501,0.59064502,0.21482,5000.0,1074.1,1756969977967,0.20407,5000,0.21478,Trade,4,1073.9,2025-09-04 07:12:57.967,LOSS
DOGEUSDT,Market,10.0,1756977307311,Buy,784b56bc-b0a4-415a-aa5c-8ae369ddb0e7,27.73141547,1.25948354,1.24318426,0.21809238,10500.0,2289.97,1756977307307,0.22606,10500,0.21527,Trade,2,2260.335,2025-09-04 09:15:07.307,WIN
DOGEUSDT,Market,10.0,1756979392258,Buy,2499f4ac-8ddc-4f69-b675-d54de75ef214,-1.48327001,0.5915525,0.59171751,0.21511,5000.0,1075.55,1756979392254,0.22594,5000,0.21517,Trade,2,1075.85,2025-09-04 09:49:52.254,LOSS
DOGEUSDT,Market,10.0,1756988725780,Sell,ac475e86-33da-4d2b-8800-4a1b5277367f,2.212165,0.5929825,0.5948525,0.21563,5000.0,1078.15,1756988725776,0.20549,5000,0.21631,Trade,1,1081.55,2025-09-04 12:25:25.776,WIN
DOGEUSDT,Market,10.0,1756990090540,Buy,77bf910a-1c95-4b08-91d2-3b6d85916b44,-0.73195847,0.594935,0.59468347,0.21634,5000.0,1081.7,1756989510999,0.22703,5000,0.21624847,Trade,46,1081.24234,2025-09-04 12:38:30.999,LOSS
DOGEUSDT,Market,10.0,1756990192177,Buy,8886e65b-99f6-4ab1-870e-4438e9a72fdd,-0.63034211,0.59449961,0.5941925,0.21618167,5000.0,1080.90835,1756990192173,0.22689,5000,0.21607,Trade,1,1080.35,2025-09-04 12:49:52.173,LOSS
DOGEUSDT,Market,10.0,1757015466816,Buy,f3d753fd-0c03-46a7-8d28-f2e8d4160e8f,-1.90784785,0.57901284,0.57942501,0.21055011,5000.0,1052.75059,1757015466812,0.22124,5000,0.2107,Trade,3,1053.5,2025-09-04 19:51:06.812,LOSS
DOGEUSDT,Market,10.0,1757075991122,Sell,a3e01764-d6ef-466a-8710-4d8bcada163a,32.14854832,0.58055251,0.59886751,0.21111,5000.0,1055.55,1757075991118,0.2069,5000,0.21777,Trade,2,1088.85,2025-09-05 12:39:51.118,WIN
DOGEUSDT,Market,10.0,1757077581622,Buy,4a0724b4-94a7-41ff-bfd7-bfe57e7dc581,-0.67949129,0.302225,0.30226629,0.2198,2500.0,549.5,1757077581618,0.23081,2500,0.21983,Trade,7,549.575,2025-09-05 13:06:21.618,LOSS
DOGEUSDT,Market,10.0,1757086400649,Sell,7957a760-3a31-4f29-9b15-7edc50a00925,0.64039028,0.58795,0.58894972,0.2138,5000.0,1069,1757086149337,0.2035,5000,0.21416345,Trade,49,1070.81729,2025-09-05 15:29:09.337,WIN
DOGEUSDT,Market,10.0,1757163161455,Buy,8104cdf4-52e0-4cd9-b29a-2f2284a77fdd,10.01406497,0.30005251,0.29427752,0.21822,2500.0,545.55,1757163161451,0.22473,2500,0.21402,Trade,4,535.05,2025-09-06 12:52:41.451,WIN
DOGEUSDT,Market,10.0,1757165138372,Buy,23ce55e8-d7b2-446a-8386-6055004dcfb5,-1.22906252,0.58951751,0.58954501,0.21437,5000.0,1071.85,1757165138368,0.22509,5000,0.21438,Trade,2,1071.9,2025-09-06 13:25:38.368,LOSS
HBARUSDT,Market,10.0,1757188432478,Sell,31477fa7-32a8-4f53-bce6-854119c2c28f,-10.90928582,0.5929983,0.58764752,0.21563573,5000.0,1078.17864,1757188432475,0.20301,5000,0.21369,Trade,5,1068.45,2025-09-06 19:53:52.475,LOSS
HBARUSDT,Market,10.0,1757190977842,Buy,7eb3134b-9fac-4d11-81a6-0d0eeb0c548e,-1.73156423,0.58764423,0.58795,0.2136888,5000.0,1068.44403,1757190977838,0.22453,5000,0.2138,Trade,2,1069,2025-09-06 20:36:17.838,LOSS
DOGEUSDT,Market,10.0,1757240581914,Sell,a90ffacb-3510-4256-83d4-3e128009ace8,18.91992985,0.705969,0.71721832,0.21393,6000.0,1283.58,1757240581910,0.20648,6000,0.21733886,Trade,15,1304.03319,2025-09-07 10:23:01.910,WIN
DOGEUSDT,Market,4.0,1757512569647,Buy,faa28e65-09c6-44af-8e1b-7d3575943767,-118.28717851,0.87401051,0.9387455,0.22701571,7000.0,1589.11,1757512569643,0.25604,7000,0.24383,Trade,1,1706.81,2025-09-10 13:56:09.643,LOSS
MNTUSDT,Market,10.0,1757619868484,Sell,36457d77-3262-49f9-9307-8fa963d753ef,4.3002675,0.263538,0.2661945,1.5972,300.0,479.16,1757617968405,1.4522,300,1.6133,Trade,1,483.99,2025-09-11 19:12:48.405,WIN
FARTCOINUSDT,Market,10.0,1757620745861,Buy,7dfcf258-13cc-4576-bfc2-73b15c5bcd66,-0.91845232,0.84203659,0.84161573,0.8679,1764.0,1530.9756,1757620289942,0.9546,1764,0.86746622,Trade,11,1530.2104,2025-09-11 19:51:29.942,LOSS
FARTCOINUSDT,Market,10.0,1757622074660,Buy,4d9e9e4b-2970-4773-9832-35aa561cd09c,-0.5368749,0.84107184,0.84048426,0.86690561,1764.0,1529.2215,1757620803929,0.9535,1764,0.8663,Trade,1,1528.1532,2025-09-11 20:00:03.929,LOSS
FARTCOINUSDT,Market,10.0,1757623634193,Buy,b5ab9331-6e55-4bb0-a09f-c6ccb0907d19,-1.85727151,0.84038724,0.84048427,0.8662,1764.0,1527.9768,1757622167256,0.9528,1764,0.8663,Trade,5,1528.1532,2025-09-11 20:22:47.256,LOSS
FARTCOINUSDT,Market,10.0,1757626034270,Buy,7e473ea6-202e-48ca-b905-4edb16e75c90,-0.81807617,0.27824,0.76503617,0.8695,1600.0,1391.2,1757624531450,0.9564,1600,0.86935925,Trade,15,1390.9748,2025-09-11 21:02:11.450,LOSS
BRETTUSDT,Market,10.0,1757660700539,Buy,93286f36-41fd-43ca-86d0-b9b4736f4478,-8.968591,0.62132204,0.62556896,0.05134892,22000.0,1129.6764,1757658470137,0.05648,22000,0.05169992,Trade,7,1137.3981,2025-09-12 06:27:50.137,LOSS
USDCUSDT,Market,10.0,1758308639877,Sell,312fc60d-6d0d-456a-8f76-41323f78e41f,-0.00611972,0.002805,0.00280472,1.0,5.1,5.1,1758308639874,0.95,5.1,0.9999,Trade,1,5.09949,2025-09-19 19:03:59.874,LOSS
USDCUSDT,Market,10.0,1758309028708,Sell,8cdddf64-62c1-4e47-9439-2111408bd9e6,-0.00611972,0.002805,0.00280472,1.0,5.1,5.1,1758309028705,0.95,5.1,0.9999,Trade,1,5.09949,2025-09-19 19:10:28.705,LOSS
USDCUSDT,Market,10.0,1758309628888,Sell,fa32fdd6-898e-43f2-8c22-7aab545305fb,-0.00611972,0.002805,0.00280472,1.0,5.1,5.1,1758309628884,0.95,5.1,0.9999,Trade,1,5.09949,2025-09-19 19:20:28.884,LOSS
USDCUSDT,Market,10.0,1758309944365,Sell,59a4f7c2-909d-4f7c-99ec-1652b0a41e64,-0.00611972,0.002805,0.00280472,1.0,5.1,5.1,1758309944362,0.95,5.1,0.9999,Trade,1,5.09949,2025-09-19 19:25:44.362,LOSS
USDCUSDT,Market,10.0,1758310054612,Sell,616a24aa-88ba-4cf1-bfad-23818b6a625f,-0.00611972,0.002805,0.00280472,1.0,5.1,5.1,1758310054609,0.95,5.1,0.9999,Trade,1,5.09949,2025-09-19 19:27:34.609,LOSS
USDCUSDT,Market,10.0,1758310102353,Sell,ef8b3f94-b5a1-4826-adfe-0b6bdffacc78,-0.00611972,0.002805,0.00280472,1.0,5.1,5.1,1758310102349,0.95,5.1,0.9999,Trade,1,5.09949,2025-09-19 19:28:22.349,LOSS
USDCUSDT,Market,10.0,1758310301492,Sell,9fad21f8-3ec4-4b45-a82d-4cd060356d4d,-0.00611972,0.002805,0.00280472,1.0,5.1,5.1,1758310301488,0.95,5.1,0.9999,Trade,1,5.09949,2025-09-19 19:31:41.488,LOSS
ICPUSDT,Market,10.0,1758312121632,Sell,b2f84084-bd93-418a-a094-cb29e887c513,-2.25149294,0.41328854,0.4125044,4.72897231,158.9,751.4337,1758312121628,4.485,158.9,4.72,Trade,4,750.008,2025-09-19 20:02:01.628,LOSS
USDCUSDT,Market,10.0,1758313446381,Sell,b5bf1a21-3c7e-45ad-a31d-6b50e84fbc92,-0.00611972,0.002805,0.00280472,1.0,5.1,5.1,1758313446378,0.95,5.1,0.9999,Trade,1,5.09949,2025-09-19 20:24:06.378,LOSS
ICPUSDT,Market,10.0,1758324129677,Sell,fa07466b-1089-4570-8daa-86da98f1ac8c,-7.7958859,0.4128608,0.4090251,4.736,158.5,750.656,1758313454507,4.465,158.5,4.692,Trade,2,743.682,2025-09-19 20:24:14.507,LOSS
ICPUSDT,Market,10.0,1758347606627,Buy,48c9a424-3e1e-4f48-8d02-c3a6bb10caba,-6.36420407,0.41207936,0.41512471,4.736,158.2,749.2352,1758340923104,5.008,158.2,4.771,Trade,1,754.7722,2025-09-20 04:02:03.104,LOSS
USDCUSDT,Market,10.0,1758356268019,Sell,9ae5d4b6-cf1b-454a-bd21-24674fd181a4,-0.00611972,0.002805,0.00280472,1.0,5.1,5.1,1758356268016,0.95,5.1,0.9999,Trade,1,5.09949,2025-09-20 08:17:48.016,LOSS
USDCUSDT,Market,10.0,1758359311894,Sell,c21405c8-e8b5-4285-935d-a79a51be58cc,-0.00611972,0.002805,0.00280472,1.0,5.1,5.1,1758359311891,0.95,5.1,0.9999,Trade,1,5.09949,2025-09-20 09:08:31.891,LOSS
ICPUSDT,Market,10.0,1758359367360,Buy,f2f7033e-398b-41b1-8743-6221ca249d81,1.61172968,0.4111987,0.40990192,4.762,157.0,747.634,1758359367356,4.982,157,4.74698217,Trade,5,745.2762,2025-09-20 09:09:27.356,WIN
USDCUSDT,Market,10.0,1758404255004,Sell,4a6750dc-a818-4249-9fff-b85640a961ae,-0.00611972,0.002805,0.00280472,1.0,5.1,5.1,1758404255001,0.95,5.1,0.9999,Trade,1,5.09949,2025-09-20 21:37:35.001,LOSS
USDCUSDT,Market,10.0,1758404569381,Sell,b096ba0c-c229-45f3-894e-05dc638985ba,-0.00611972,0.002805,0.00280472,1.0,5.1,5.1,1758404569377,0.95,5.1,0.9999,Trade,1,5.09949,2025-09-20 21:42:49.377,LOSS
USDCUSDT,Market,10.0,1758405159301,Sell,1a4e787e-f754-4a5b-a69c-eddd42646991,-0.00611972,0.002805,0.00280472,1.0,5.1,5.1,1758405159298,0.95,5.1,0.9999,Trade,1,5.09949,2025-09-20 21:52:39.298,LOSS
USDCUSDT,Market,10.0,1758405172683,Sell,a38c3020-8a88-4d7b-8d36-b2328c6a15af,-0.00611972,0.002805,0.00280472,1.0,5.1,5.1,1758405172679,0.95,5.1,0.9999,Trade,1,5.09949,2025-09-20 21:52:52.679,LOSS
USDCUSDT,Market,10.0,1758405775739,Sell,9c7aaa46-7ad9-4a82-80ae-f78743a3fccb,-0.00611972,0.002805,0.00280472,1.0,5.1,5.1,1758405775736,0.95,5.1,0.9999,Trade,1,5.09949,2025-09-20 22:02:55.736,LOSS
USDCUSDT,Market,10.0,1758406585704,Sell,d7c45cba-33da-49c1-9a34-60546f74c849,-0.00611972,0.002805,0.00280472,1.0,5.1,5.1,1758406585700,0.95,5.1,0.9999,Trade,1,5.09949,2025-09-20 22:16:25.700,LOSS
ETHUSDT,Market,10.0,1758407589373,Sell,6d24bb30-38cc-4f79-8860-64249d6d2b0f,-0.54459109,0.19753669,0.1974544,4489.47,0.08,359.1576,1758406592881,4398.24,0.08,4487.6,Trade,2,359.008,2025-09-20 22:16:32.881,LOSS
USDCUSDT,Market,10.0,1758406903874,Sell,101a78c5-2c41-4a7a-be94-f098faa2a0e7,-0.00611972,0.002805,0.00280472,1.0,5.1,5.1,1758406903870,0.95,5.1,0.9999,Trade,1,5.09949,2025-09-20 22:21:43.870,LOSS
ETHUSDT,Market,10.0,1758407830074,Sell,b1a781f9-276c-42f5-a154-e6cd5a02aa4e,-1.11284476,0.41964766,0.4194971,4488.21,0.17,762.9957,1758407763145,4397.19,0.17,4486.6,Trade,2,762.722,2025-09-20 22:36:03.145,LOSS
ETHUSDT,Market,10.0,1758409889052,Sell,b75ecb3e-1b56-45c2-828a-28be3c9820b2,-0.78332672,0.41949804,0.41952868,4486.61,0.17,762.7237,1758408063980,4397.89,0.17,4486.9376,Trade,3,762.7794,2025-09-20 22:41:03.980,LOSS
USDCUSDT,Market,10.0,1758409494832,Sell,34cd42c0-2c01-4964-b2c4-ed09082c3417,-0.00611972,0.002805,0.00280472,1.0,5.1,5.1,1758409494829,0.95,5.1,0.9999,Trade,1,5.09949,2025-09-20 23:04:54.829,LOSS
ETHUSDT,Market,10.0,1758410963201,Sell,3186d144-ab1f-4c48-97a1-b82a65a51821,-0.94512087,0.41903989,0.41898098,4481.71,0.17,761.8907,1758410703554,4391.8,0.17,4481.08,Trade,1,761.7836,2025-09-20 23:25:03.554,LOSS
ETHUSDT,Market,10.0,1758411012553,Sell,83b6b642-1cb5-4e55-8a5b-d69293959837,-0.96870769,0.41893984,0.41886785,4480.64,0.17,761.7088,1758411003820,4390.71,0.17,4479.87,Trade,1,761.5779,2025-09-20 23:30:03.820,LOSS
ETHUSDT,Market,10.0,1758411905672,Sell,edbe385b-487b-457a-a5a7-f8476e52d4e1,-0.99388886,0.41878744,0.41870142,4479.01,0.17,761.4317,1758411903239,4389.43,0.17,4478.09,Trade,1,761.2753,2025-09-20 23:45:03.239,LOSS
USDCUSDT,Market,10.0,1758412497900,Sell,af92967c-0025-4887-859a-2960d95fabfb,-0.00611972,0.002805,0.00280472,1.0,5.1,5.1,1758412497896,0.95,5.1,0.9999,Trade,1,5.09949,2025-09-20 23:54:57.896,LOSS
USDCUSDT,Market,10.0,1758412777762,Sell,e580b7b4-cd04-4a8b-b45c-69bda65bef0b,-0.00611972,0.002805,0.00280472,1.0,5.1,5.1,1758412777758,0.95,5.1,0.9999,Trade,1,5.09949,2025-09-20 23:59:37.758,LOSS
USDCUSDT,Market,10.0,1758413506037,Sell,c9fb91d1-b298-40a2-bd94-322591e7c17d,-0.00611972,0.002805,0.00280472,1.0,5.1,5.1,1758413506034,0.95,5.1,0.9999,Trade,1,5.09949,2025-09-21 00:11:46.034,LOSS
USDCUSDT,Market,10.0,1758413984944,Sell,7a91a231-651c-4d06-8adf-f7e8a2044df2,-0.00611972,0.002805,0.00280472,1.0,5.1,5.1,1758413984941,0.95,5.1,0.9999,Trade,1,5.09949,2025-09-21 00:19:44.941,LOSS
USDCUSDT,Market,10.0,1758414409375,Sell,71134333-7a7b-4aa3-b163-751a0e2d97f7,-0.00611972,0.002805,0.00280472,1.0,5.1,5.1,1758414409372,0.95,5.1,0.9999,Trade,1,5.09949,2025-09-21 00:26:49.372,LOSS
ETHUSDT,Market,10.0,1758461414083,Buy,eee91c85-819d-4b27-9dc6-9d36ee58d9f4,-2.76390693,0.41752332,0.41858361,4465.49,0.17,759.1333,1758451443662,4565.75,0.17,4476.83,Trade,1,761.0611,2025-09-21 10:44:03.662,LOSS
ETHUSDT,Market,10.0,1758492832854,Buy,b918f171-a3e8-41d4-97c0-5e359c9be8e2,1.4096808,0.4177767,0.4165425,4468.2,0.17,759.594,1758489003320,4546.26,0.17,4455.0,Trade,1,757.35,2025-09-21 21:10:03.320,WIN
DOGEUSDT,Market,3.0,1758520979958,Buy,c2f7fcb6-896b-4d1b-8e39-9029a8f41c20,21.79100971,1.41375094,1.40584208,0.23367783,11000.0,2570.45619,1758520979954,0.24532,11000,0.23237059,Trade,4,2556.07647,2025-09-22 06:02:59.954,WIN
1000PEPEUSDT,Market,10.0,1758819453146,Buy,4dc018ec-9ef8-4002-a6f0-d4149a09fa77,-0.00683,0.50369,0.50314,0.009158,100000.0,915.8,1758819453142,0.009608,100000,0.009148,Trade,2,914.8,2025-09-25 16:57:33.142,LOSS
1000PEPEUSDT,Market,10.0,1758820589559,Buy,5bf10f01-3b1a-4b98-a3f4-00ab567998f3,-1.20023,0.50006,0.50017,0.009092,100000.0,909.2,1758820589556,0.009545,100000,0.009094,Trade,1,909.4,2025-09-25 17:16:29.556,LOSS
1000PEPEUSDT,Market,10.0,1758824060776,Buy,0cc5ff3e-5a98-4ada-83c8-25ea3df56981,-6.56348374,0.977075,0.97960874,0.0088825,200000.0,1776.5,1758824060771,0.009349,200000,0.00890554,Trade,11,1781.1068,2025-09-25 18:14:20.771,LOSS
1000PEPEUSDT,Market,10.0,1759044008020,Buy,6850d628-f269-46f3-9ba1-9b7dca0177cc,-6.59219759,0.50108548,0.50429501,0.00911064,100000.0,911.0645,1759044008016,0.009626,100000,0.009169,Trade,3,916.9,2025-09-28 07:20:08.016,LOSS
1000PEPEUSDT,Market,10.0,1760002964081,Buy,0ebdf491-8c84-4ea3-992f-9f695f2b2906,-0.161982,0.101002,0.10098,0.009182,20000.0,183.64,1760002964078,0.009638,20000,0.00918,Trade,2,183.6,2025-10-09 09:42:44.078,LOSS
1000PEPEUSDT,Market,10.0,1760073919926,Buy,335c502d-8910-4c61-a368-68d58533d438,-7.4095713,0.2215994,0.2254472,0.009157,44000.0,402.908,1760073919922,0.009779,44000,0.009316,Trade,1,409.904,2025-10-10 05:25:19.922,LOSS
1000PEPEUSDT,Market,2.5,1760110007509,Sell,ce1a7ed6-c9ac-4224-98f7-c76b38c9f2f1,-2433.15921963,3.73439001,2.455475,0.0135796,500000.0,6789.8,1760110007505,0.008485,500000,0.008929,Trade,2,4464.5,2025-10-10 15:26:47.505,LOSS
1000PEPEUSDT,Market,5.0,1760131018412,Sell,e344e3c1-2166-4633-b84d-ccb3f33ba71c,-474.68879257,1.29929257,1.0395,0.0078745,300000.0,2362.35,1760131018407,0.006364,300000,0.0063,BustTrade,1,1890,2025-10-10 21:16:58.407,LOSS
1000PEPEUSDT,Market,10.0,1760174355929,Sell,f304b25f-aaaa-4cf7-b572-823ef99f113c,0.45983527,0.01724635,0.01751838,0.0071266,4400.0,31.357,1760174355926,0.006878,4400,0.007239,Trade,1,31.8516,2025-10-11 09:19:15.926,WIN
SOLUSDT,Market,10.0,1760615791353,Buy,63c4cf2a-61bc-4e65-9b78-86088884caba,-0.6260895,0.107932,0.1081575,196.24,1.0,196.24,1760612278919,206.28,1,196.65,Trade,1,196.65,2025-10-16 10:57:58.919,LOSS
SOLUSDT,Market,10.0,1760625562120,Buy,c9f9843a-569a-4314-bc86-487590b87593,2.58528,0.10813,0.10659,196.6,1.0,196.6,1760615851033,203.3,1,193.8,Trade,1,193.8,2025-10-16 11:57:31.033,WIN
SOLUSDT,Market,10.0,1760626677690,Sell,8e69492e-4700-41b3-8b1f-199600938db8,0.006765,0.106557,0.106678,193.74,1.0,193.74,1760625568573,184.36,1,193.96,Trade,6,193.96,2025-10-16 14:39:28.573,WIN
SOLUSDT,Market,10.0,1760630989548,Buy,95f06da5-50cd-4b3a-8796-2fc002d0291a,2.49356024,0.1154945,0.113982,190.9,1.1,209.99,1760628547306,197.73,1.1,188.4,Trade,1,207.24,2025-10-16 15:29:07.306,WIN
1000PEPEUSDT,Market,10.0,1760631555258,Sell,7a40fe09-e496-48c3-ad9d-a650ea6959c7,-18.14865837,0.577995,0.5686725,0.007006,150000.0,1050.9,1760629579788,0.006554,150000,0.006893,Trade,1,1033.95,2025-10-16 15:46:19.788,LOSS
SOLUSDT,Market,10.0,1760631913877,Buy,13bf5995-3bf3-4ccf-b1a5-c69ad4d4bdc4,0.35581645,0.1137521,0.11343145,188.02,1.1,206.822,1760631913874,196.88,1.1,187.49,Trade,1,206.239,2025-10-16 16:25:13.874,WIN
SOLUSDT,Market,10.0,1760632893788,Buy,92a36d56-7ddc-41d8-b836-467052936be7,-1.9649839,0.113014,0.1139699,186.8,1.1,205.48,1760631989958,197.72,1.1,188.38,Trade,1,207.218,2025-10-16 16:26:29.958,LOSS
SOLUSDT,Market,10.0,1760635108948,Buy,dc9dcda4-d481-4beb-9d27-11fd1a52b63f,-0.0005125,0.105314,0.1051985,191.48,1.0,191.48,1760634031579,200.68,1,191.27,Trade,2,191.27,2025-10-16 17:00:31.579,LOSS
SOLUSDT,Market,10.0,1760639757548,Buy,e39d077b-e0f1-410d-864e-6b7ebd621762,0.2773342,0.11447205,0.11419375,189.21,1.1,208.131,1760636525655,198.11,1.1,188.75,Trade,1,207.625,2025-10-16 17:42:05.655,WIN
SOLUSDT,Market,10.0,1760644268728,Buy,b9248617-e1f1-4ebf-b2c6-2630698fae73,2.4354154,0.11402435,0.11256025,188.47,1.1,207.317,1760640621547,195.29,1.1,186.05,Trade,1,204.655,2025-10-16 18:50:21.547,WIN
SOLUSDT,Market,10.0,1760648723198,Buy,0945fccf-5538-486b-bb98-d4a6d10bf339,-0.38741615,0.1111627,0.11125345,183.74,1.1,202.114,1760646636892,193.04,1.1,183.89,Trade,1,202.279,2025-10-16 20:30:36.892,LOSS
SOLUSDT,Market,10.0,1760656651019,Buy,fc6d555e-4a43-4994-89d6-37c3f2b6ba19,0.3221743,0.1620905,0.1617352,184.19375,1.6,294.71,1760649406014,192.93,1.6,183.79,Trade,1,294.064,2025-10-16 21:16:46.014,WIN
SOLUSDT,Market,10.0,1760662945189,Buy,b5155142-dd3b-4b76-bbea-5698554d700a,-3.90315916,0.1621653,0.1641288,184.27875,1.6,294.846,1760657439217,195.69,1.6,186.51,Trade,1,298.416,2025-10-16 23:30:39.217,LOSS
SOLUSDT,Market,10.0,1760680171987,Buy,03d63417-d1cd-4261-aca6-318ff165b34a,0.3285608,0.1639,0.1635392,186.25,1.6,298,1760680171984,195.13,1.6,185.84,Trade,1,297.344,2025-10-17 05:49:31.984,WIN
SOLUSDT,Market,10.0,1760681054278,Buy,b6477a99-5f58-4cc8-8c80-9f90b7acadb3,-1.6709376,0.1630992,0.1638384,185.34,1.6,296.544,1760680232841,195.4,1.6,186.18,Trade,1,297.888,2025-10-17 05:50:32.841,LOSS
SOLUSDT,Market,10.0,1760684926948,Buy,a2832b2b-a19d-4221-8782-809187a1000f,8.497132,0.1618584,0.1570096,183.93,1.6,294.288,1760682055496,187.36,1.6,178.42,Trade,1,285.472,2025-10-17 06:20:55.496,WIN
SOLUSDT,Market,10.0,1760697434818,Buy,dabffa18-e624-4071-8a6f-231e6d78a43d,2.78041205,0.1661495,0.16443845,177.7,1.7,302.09,1760694585289,184.63,1.7,175.87,Trade,9,298.979,2025-10-17 09:49:45.289,WIN
SOLUSDT,Market,10.0,1760708169258,Buy,a5c4f2fa-4416-4aea-aabc-c337d82a308a,-2.378657,0.1687675,0.1698895,180.5,1.7,306.85,1760705640690,190.73,1.7,181.7,Trade,1,308.89,2025-10-17 12:54:00.690,LOSS
SOLUSDT,Market,10.0,1760732001709,Buy,0c5acb48-8ae2-4576-87bf-5747d69180a6,3.2132072,0.1623688,0.160424,184.51,1.6,295.216,1760726100680,191.37,1.6,182.3,Trade,3,291.68,2025-10-17 18:35:00.680,WIN
SOLUSDT,Market,10.0,1760899625958,Buy,0cb4cf49-b348-4cb2-8c38-f52814c89768,0.2660394,0.021065,0.0208956,191.5,0.2,38.3,1760894522561,199.42,0.2,189.96,Trade,1,37.992,2025-10-19 17:22:02.561,WIN
SOLUSDT,Market,10.0,1760897405838,Buy,98b4483e-fb12-459a-b29f-3ccc4dc8dee8,1.6164612,0.08426,0.0832788,191.5,0.8,153.2,1760897405835,198.69,0.8,189.27,Trade,6,151.416,2025-10-19 18:10:05.835,WIN
SOLUSDT,Market,10.0,1760897830651,Buy,0a3058de-ac32-4c3f-8259-355b267c7bd4,0.756202,0.04213,0.041668,191.5,0.4,76.6,1760897830648,198.85,0.4,189.4,Trade,1,75.76,2025-10-19 18:17:10.648,WIN
SOLUSDT,Market,10.0,1760898254348,Buy,d2b4f567-02d0-4fae-8400-66e7efe6d04e,0.3320757,0.021065,0.0208593,191.5,0.2,38.3,1760898254345,199.1,0.2,189.63,Trade,1,37.926,2025-10-19 18:24:14.345,WIN
SOLUSDT,Market,10.0,1760919697739,Sell,1f96a299-af89-4e72-95e5-e019c11d0488,-3.55582635,0.1645688,0.1627912,187.01,1.6,299.216,1760917553873,176.01,1.6,184.99,Trade,1,295.984,2025-10-19 23:45:53.873,LOSS
SOLUSDT,Market,10.0,1760931691138,Sell,287e9e09-e5ee-42ce-8f42-b7076a9d2530,2.764496,0.0809468,0.0825572,183.97,0.8,147.176,1760920223705,178.24,0.8,187.63,Trade,1,150.104,2025-10-20 00:30:23.705,WIN
SOLUSDT,Market,10.0,1760922026930,Sell,5438bca7-ed1e-46e3-ae16-63fae623e824,1.3172924,0.0809468,0.0817608,183.97,0.8,147.176,1760922026926,176.5,0.8,185.82,Trade,1,148.656,2025-10-20 01:00:26.926,WIN
SOLUSDT,Market,10.0,1760979644959,Buy,89a53871-5451-4755-ab05-b5a222be1f93,0.26134,0.1654928,0.1651672,188.06,1.6,300.896,1760979644955,197.06,1.6,187.69,Trade,1,300.304,2025-10-20 17:00:44.955,WIN
SOLUSDT,Market,10.0,1760981849091,Sell,821778bd-8da1-4e37-a0dd-bec653388a15,-3.6724424,0.1651408,0.1633016,187.66,1.6,300.256,1760979697006,176.68,1.6,185.57,Trade,1,296.912,2025-10-20 17:01:37.006,LOSS
SOLUSDT,Market,10.0,1761011748016,Buy,26372e90-109f-4aac-80c0-036d0f254c1d,2.80667215,0.0837276,0.0820996,190.29,0.8,152.232,1760994062768,196.33,0.8,186.59,Trade,1,149.272,2025-10-20 21:01:02.768,WIN
SOLUSDT,Market,10.0,1761008616988,Buy,90a8d30c-09dc-44d7-9ba5-64e661039909,1.37388456,0.0837276,0.0828872,190.29,0.8,152.232,1761008616985,197.82,0.8,188.38,Trade,1,150.704,2025-10-21 01:03:36.985,WIN
SOLUSDT,Market,10.0,1761055743010,Buy,733498f7-ffa3-4829-af92-7915a497d6c9,-2.2791488,0.1630376,0.1641112,185.27,1.6,296.432,1761045346444,195.73,1.6,186.49,Trade,2,298.384,2025-10-21 11:15:46.444,LOSS
DOGEUSDT,Market,10.0,1761055768099,Buy,5b2c1aa2-736c-4f03-ba59-0253940316e7,-3.11516137,0.16492513,0.16645624,0.19497,1538.0,299.86386,1761052754676,0.20657,1538,0.19678,Trade,12,302.64764,2025-10-21 13:19:14.676,LOSS
SOLUSDT,Market,10.0,1761056467450,Buy,235f71f9-8467-4491-824d-df0a287753c4,-4.522968,0.1643312,0.1666368,186.74,1.6,298.784,1761055798749,198.61,1.6,189.36,Trade,1,302.976,2025-10-21 14:09:58.749,LOSS
DOGEUSDT,Market,10.0,1761056487788,Buy,7e043d45-d47e-48eb-8fe1-7b00e980f54f,-4.57454211,0.16496442,0.16729769,0.19655,1526.0,299.9353,1761055799757,0.20917,1526,0.19933,Trade,5,304.17758,2025-10-21 14:09:59.757,LOSS
DOGEUSDT,Market,10.0,1761058081728,Buy,b93cf84f-f006-46c5-8b09-79f526af4f89,0.03484216,0.16501417,0.16481367,0.19922025,1506.0,300.0257,1761056508232,0.20884,1506,0.19897811,Trade,24,299.66103,2025-10-21 14:21:48.232,WIN
SOLUSDT,Market,10.0,1761058550230,Buy,04390df6-dfbc-49e1-b3aa-223e66201cc7,-5.7258808,0.1654576,0.1684232,188.02,1.6,300.832,1761057025813,200.9,1.6,191.39,Trade,1,306.224,2025-10-21 14:30:25.813,LOSS
DOGEUSDT,Market,10.0,1761058630588,Buy,ddaad1f3-d8ac-45fd-9086-ebfba16f5d91,-5.70937176,0.16499736,0.1679544,0.1992,1506.0,299.9952,1761058122605,0.21279,1506,0.20277,Trade,2,305.37162,2025-10-21 14:48:42.605,LOSS
SOLUSDT,Market,10.0,1761061309769,Buy,a5df8d71-f32c-4e36-86be-915d95632ded,-4.406496,0.1701304,0.1723656,193.33,1.6,309.328,1761059240519,205.57,1.6,195.87,Trade,1,313.392,2025-10-21 15:07:20.519,LOSS
DOGEUSDT,Market,10.0,1761067477449,Buy,0ba89b0c-7470-4a37-ad04-f00f85d5d49c,2.20320233,0.08248469,0.08118439,0.20349,737.0,149.97213,1761059240730,0.21026,737,0.20028203,Trade,20,147.60785,2025-10-21 15:07:20.730,WIN
SOLUSDT,Market,10.0,1761065971278,Buy,c3182437-ccd3-4ed1-8a8d-e8ac370cc255,2.52348644,0.0754985,0.0740355,196.1,0.7,137.27,1761061407930,202.05,0.7,192.3,Trade,1,134.61,2025-10-21 15:43:27.930,WIN
SOLUSDT,Market,10.0,1761065827489,Buy,d18b8ead-afda-4269-98ea-4004e15e7974,1.80339053,0.086284,0.085206,196.1,0.8,156.88,1761065827486,203.43,0.8,193.65,Trade,3,154.92,2025-10-21 16:57:07.486,WIN
DOGEUSDT,Market,10.0,1761065883270,Buy,7cd05769-668a-42d0-88cf-d392885660f2,1.47266104,0.08237276,0.08147412,0.20349,736.0,149.76864,1761065883266,0.21123,736,0.20127,Trade,3,148.13472,2025-10-21 16:58:03.266,WIN
SOLUSDT,Market,10.0,1761077794529,Sell,4d7d8a6a-02e1-4570-a6da-3adc0f9c2ba6,-4.0829936,0.1705264,0.1684672,193.78,1.6,310.048,1761066926391,182.26,1.6,191.44,Trade,1,306.304,2025-10-21 17:15:26.391,LOSS
SOLUSDT,Market,10.0,1761081702259,Sell,8ddd7167-47a4-4691-ae98-71e4f77f1163,-2.006943,0.038125,0.103818,190.625,1.0,190.625,1761080443287,179.68,1,188.76,Trade,1,188.76,2025-10-21 21:00:43.287,LOSS
DOGEUSDT,Market,10.0,1761082797936,Sell,23645df3-0c99-4e51-91b7-5e814d88dfb2,0.00169782,0.05969015,0.16427203,0.19857,1503.0,298.45071,1761082797933,0.18881,1503,0.19872013,Trade,8,298.67637,2025-10-21 21:39:57.933,WIN
1000PEPEUSDT,Market,10.0,1761082811621,Sell,c9d72748-9375-44b8-95cc-9333e79555e0,0.15308374,0.05968236,0.1643339,0.007122,41900.0,298.4118,1761082811618,0.006775,41900,0.007131,Trade,1,298.7889,2025-10-21 21:40:11.618,WIN
1000PEPEUSDT,Market,20.0,1761085912008,Sell,d7479d8e-c845-443a-b70b-3e9587fcaabb,-3.03591331,0.0595896,0.16232371,0.007094,42000.0,297.948,1761084581263,0.00674,42000,0.007027,Trade,2,295.134,2025-10-21 22:09:41.263,LOSS
SOLUSDT,Market,20.0,1761088597795,Sell,0938a826-d15c-489e-b5ce-33081fb16a36,-2.90128425,0.056737,0.15454725,189.12333334,1.5,283.685,1761085088479,179.67,1.5,187.33,Trade,1,280.995,2025-10-21 22:18:08.479,LOSS
DOGEUSDT,Market,20.0,1761150039358,Sell,dca6bd6e-4081-4cdc-aaa7-ef89db8ff0b3,1.12519814,0.05989006,0.16543257,0.19049,1572.0,299.45028,1761150039354,0.18179,1572,0.19134,Trade,2,300.78648,2025-10-22 16:20:39.354,WIN
SOLUSDT,Market,20.0,1761150179545,Sell,5a494c80-2df1-4944-b7bf-0c72546e2133,-0.02030752,0.054853,0.1509585,182.84333334,1.5,274.265,1761150179542,173.85,1.5,182.98,Trade,1,274.47,2025-10-22 16:22:59.542,LOSS
DOGEUSDT,Market,20.0,1761180881795,Sell,d61dc190-6415-4e58-bb1f-1032c7db501c,1.14985971,0.00995218,0.02802192,0.18637,267.0,49.76079,1761169063943,0.18128,267,0.19082,Trade,1,50.94894,2025-10-22 21:37:43.943,WIN
DOGEUSDT,Market,20.0,1761175592283,Sell,a9df092b-2b5d-43c5-8f6c-8f0c1d135cc6,0.84913174,0.00998941,0.02795885,0.18637,268.0,49.94716,1761175592279,0.18028,268,0.18968,Trade,5,50.83424,2025-10-22 23:26:32.279,WIN
SOLUSDT,Market,20.0,1761226193349,Buy,5ccbbafc-7e03-4cda-b400-50fa310e9713,-4.07730225,0.05632,0.157014,187.73333333,1.5,281.6,1761223053651,197.12,1.5,190.32,Trade,1,285.48,2025-10-23 12:37:33.651,LOSS
DOGEUSDT,Market,20.0,1761238483974,Buy,420a3921-aa8b-4ddb-a4b2-22aed8d185c5,-2.94717689,0.04015229,0.11197135,0.19416,1034.0,200.76144,1761232869918,0.20386,1034,0.19689,Trade,2,203.58426,2025-10-23 15:21:09.918,LOSS
SOLUSDT,Market,10.0,1761386849172,Buy,acc1007e-9472-4521-96ce-785be18b65a0,0.41729011,0.0077306,0.0210144,193.265,0.2,38.653,1761353097757,200.86,0.2,191.04,Trade,1,38.208,2025-10-25 00:44:57.757,WIN
