feature,importance
FIBO_relative_position_5m,201
RSI_14_5m,138
ICHIMOKU_dist_price_tenkan_1h,126
ICHIMOKU_dist_price_tenkan_55m,124
ICHIMOKU_dist_price_kijun_5m,95
ICHIMOKU_dist_price_tenkan_50m,79
ICHIMOKU_dist_price_tenkan_2h,72
dist_to_PP,63
ICHIMOKU_dist_price_tenkan_45m,61
BBP_20_2.0_2.0_50m,61
ICHIMOKU_dist_price_tenkan_3h,55
ICHIMOKU_dist_price_tenkan_35m,51
ICHIMOKU_dist_price_kijun_15m,50
BBP_20_2.0_2.0_35m,46
ICHIMOKU_dist_price_tenkan_40m,43
ICHIMOKU_dist_price_kijun_8m,39
BBP_20_2.0_2.0_2h,38
FIBO_relative_position_10m,38
ICHIMOKU_dist_price_tenkan_14m,37
BBP_20_2.0_2.0_45m,35
BBP_20_2.0_2.0_55m,33
ICHIMOKU_dist_price_tenkan_23m,29
ICHIMOKU_dist_price_tenkan_19m,28
ICHIMOKU_dist_price_kijun_7m,28
ICHIMOKU_dist_price_tenkan_22m,27
ICHIMOKU_dist_price_tenkan_16m,26
ICHIMOKU_dist_price_tenkan_15m,25
FIBO_relative_position_15m,24
ICHIMOKU_dist_price_tenkan_17m,23
ICHIMOKU_dist_price_tenkan_4h,23
ICHIMOKU_dist_price_tenkan_24m,22
BBP_20_2.0_2.0_3h,22
ICHIMOKU_dist_price_tenkan_18m,22
FIBO_relative_position_9m,20
ICHIMOKU_dist_price_kijun_12m,20
BBP_20_2.0_2.0_40m,20
BBP_20_2.0_2.0_25m,19
WAVELET_NRG_9_24,18
ICHIMOKU_dist_price_kijun_6m,18
BBB_20_2.0_2.0_17m,17
BBP_20_2.0_2.0_23m,17
BBB_20_2.0_2.0_23m,17
ICHIMOKU_dist_price_tenkan_21m,17
ICHIMOKU_dist_price_tenkan_25m,17
BBP_20_2.0_2.0_24m,16
ICHIMOKU_dist_price_tenkan_13m,16
ICHIMOKU_dist_price_tenkan_5h,16
ICHIMOKU_dist_price_tenkan_30m,14
BBB_20_2.0_2.0_15m,14
ICHIMOKU_price_vs_cloud_5m,14
BBP_20_2.0_2.0_22m,14
BBB_20_2.0_2.0_24m,13
FIBO_relative_position_11m,13
BBB_20_2.0_2.0_18m,13
BBB_20_2.0_2.0_20m,13
BBB_20_2.0_2.0_19m,13
ICHIMOKU_dist_price_kijun_10m,13
BBB_20_2.0_2.0_22m,13
WAVELET_NRG_25_64,13
BBB_20_2.0_2.0_21m,12
BBB_20_2.0_2.0_10m,12
BBP_20_2.0_2.0_19m,12
FIBO_relative_position_6m,11
AROOND_25_35m,11
BBP_20_2.0_2.0_13m,11
BBB_20_2.0_2.0_25m,11
BBP_20_2.0_2.0_18m,11
BBP_20_2.0_2.0_12m,10
BBB_20_2.0_2.0_8m,10
ICHIMOKU_dist_price_kijun_16m,10
ICHIMOKU_dist_price_kijun_14m,10
BBP_20_2.0_2.0_30m,10
BBP_20_2.0_2.0_14m,9
BBB_20_2.0_2.0_14m,9
BBP_20_2.0_2.0_11m,9
ICHIMOKU_dist_price_kijun_11m,8
BBP_20_2.0_2.0_17m,8
ICHIMOKU_dist_price_kijun_13m,8
dist_to_R2,8
AROONU_25_21m,8
ADX_14_15m,7
BBP_20_2.0_2.0_1h,7
ICHIMOKU_dist_price_kijun_17m,7
AROONOSC_25_7m,7
BBB_20_2.0_2.0_11m,7
FIBO_relative_position_7m,7
BBP_20_2.0_2.0_21m,7
FIBO_relative_position_20m,7
BBB_20_2.0_2.0_13m,7
FIBO_relative_position_14m,6
BBB_20_2.0_2.0_5m,6
ICHIMOKU_price_vs_cloud_6m,6
AROOND_25_18m,6
ICHIMOKU_dist_price_kijun_18m,6
BBP_20_2.0_2.0_16m,6
dist_to_R1,6
BBB_20_2.0_2.0_16m,6
FIBO_relative_position_5m_lag_3,6
ICHIMOKU_dist_price_tenkan_20m,6
AROONOSC_25_40m,5
BBB_20_2.0_2.0_12m,5
AROOND_25_45m,5
ICHIMOKU_dist_price_kijun_9m,5
FIBO_relative_position_8m,5
dist_to_S2,5
MACDh_12_26_9_5m_lag_1,5
FIBO_relative_position_40m,5
RSI_14_50m,5
BBP_20_2.0_2.0_20m,5
BBB_20_2.0_2.0_50m,5
DMP_14_5m,5
ICHIMOKU_dist_price_kijun_55m,5
BBB_20_2.0_2.0_6m,5
OBV_4h,4
ICHIMOKU_dist_price_tenkan_8h,4
BBP_20_2.0_2.0_4h,4
BBB_20_2.0_2.0_9m,4
MARKET_REGIME_VOL_OF_VOL,4
dist_to_S1,4
ICHIMOKU_dist_price_tenkan_5m,4
AROONOSC_25_12m,4
ICHIMOKU_dist_price_tenkan_7h,4
MACDh_12_26_9_5m_lag_2,4
RSI_14_5m_lag_2,4
FIBO_relative_position_5m_lag_1,4
FIBO_relative_position_5m_lag_2,4
AROOND_25_50m,4
AROONOSC_25_30m,4
FIBO_relative_position_25m,4
FIBO_relative_position_45m,4
BBB_20_2.0_2.0_35m,4
AROONU_25_10m,4
ADX_14_10m,4
AROOND_25_10m,4
RSI_14_5m_lag_1,4
BBB_20_2.0_2.0_30m,4
AROONOSC_25_8m,4
FIBO_relative_position_16m,4
AROOND_25_5m,4
ICHIMOKU_cloud_color_5m,4
ADX_14_5m,3
ICHIMOKU_cloud_color_6m,3
RSI_14_5h,3
hour_cos,3
ADX_14_7m,3
AROONOSC_25_13m,3
ADX_14_13m,3
AROONOSC_25_25m,3
ADXR_14_2_24m,3
AROONU_25_40m,3
AROONOSC_25_6m,3
ICHIMOKU_cloud_thickness_8h,3
BBB_20_2.0_2.0_45m,3
AROONU_25_45m,3
ICHIMOKU_dist_price_tenkan_12m,3
AROONU_25_22m,3
AROONOSC_25_11m,3
FIBO_relative_position_35m,3
AROONU_25_2h,3
AROOND_25_55m,3
BBP_20_2.0_2.0_15m,3
BBP_20_2.0_2.0_8m,3
ADX_14_6m,3
RSI_14_55m,3
AROONU_25_55m,3
BBB_20_2.0_2.0_1h,3
DMP_14_15m,2
FIBO_distance_to_nearest_14m,2
AROOND_25_16m,2
DMN_14_6m,2
AROONU_25_8m,2
BBP_20_2.0_2.0_5m,2
ICHIMOKU_tk_cross_6m,2
AROONU_25_5m,2
ADX_14_1h,2
ICHIMOKU_dist_price_kijun_50m,2
ADX_14_50m,2
OBV_3h,2
FIBO_relative_position_2h,2
ADX_14_9m,2
OBV_2h,2
ICHIMOKU_tk_cross_8m,2
AROONOSC_25_10m,2
ICHIMOKU_tk_cross_13m,2
ICHIMOKU_dist_price_kijun_20m,2
AROOND_25_13m,2
ADX_14_22m,2
ICHIMOKU_tk_cross_12m,2
ADX_14_23m,2
AROOND_25_23m,2
AROOND_25_30m,2
MACDh_12_26_9_30m,2
AROONU_25_13m,2
FIBO_distance_to_nearest_23m,2
ADX_14_40m,2
BBB_20_2.0_2.0_40m,2
ICHIMOKU_dist_price_tenkan_11m,2
AROOND_25_12m,2
RSI_14_5m_lag_3,2
ADXR_14_2_7m,2
ICHIMOKU_tk_cross_15m,2
FIBO_distance_to_nearest_15m,2
ICHIMOKU_price_vs_cloud_7m,2
AROONU_25_6h,2
ICHIMOKU_dist_price_tenkan_6h,2
FIBO_distance_to_nearest_6h,2
AROONOSC_25_7h,1
BBP_20_2.0_2.0_7h,1
ICHIMOKU_cloud_thickness_6h,1
FIBO_relative_position_6h,1
HURST_100_6h,1
EMA_200_6h,1
ADX_14_6h,1
ICHIMOKU_dist_price_kijun_5h,1
FIBO_relative_position_5h,1
ICS_26_5h,1
OBV_5h,1
BBP_20_2.0_2.0_5h,1
ICHIMOKU_tk_cross_7m,1
ICHIMOKU_dist_price_tenkan_7m,1
FIBO_nearest_level_7m,1
BBP_20_2.0_2.0_7m,1
ATRr_14_7m,1
BBB_20_2.0_2.0_7m,1
FIBO_relative_position_4h,1
FIBO_distance_to_nearest_4h,1
ADX_14_16m,1
DMP_14_16m,1
HURST_100_15m,1
hour_sin,1
AROOND_25_25m,1
DMP_14_25m,1
OBV_25m,1
RSI_14_25m,1
FIBO_relative_position_24m,1
AROONU_25_24m,1
AROONOSC_25_24m,1
AROONU_25_23m,1
DMN_14_12m,1
AROONU_25_12m,1
MACDh_12_26_9_12m,1
ADXR_14_2_12m,1
FIBO_nearest_level_11m,1
FIBO_distance_to_nearest_11m,1
ATRr_14_12m,1
RSI_14_45m,1
AROOND_25_40m,1
RSI_14_40m,1
AROONU_25_35m,1
AROONOSC_25_35m,1
ADXR_14_2_35m,1
DMP_14_35m,1
FIBO_nearest_level_30m,1
ICHIMOKU_price_vs_cloud_11m,1
ADXR_14_2_11m,1
DMN_14_23m,1
HURST_100_22m,1
FIBO_distance_to_nearest_22m,1
FIBO_relative_position_21m,1
FIBO_nearest_level_21m,1
HURST_100_21m,1
DMP_14_13m,1
FIBO_relative_position_12m,1
DMP_14_50m,1
DMN_14_50m,1
AROONU_25_50m,1
MACDh_12_26_9_50m,1
ICHIMOKU_cloud_thickness_45m,1
ICHIMOKU_dist_price_kijun_45m,1
ADXR_14_2_45m,1
AROONOSC_25_45m,1
ICHIMOKU_tk_cross_10m,1
EMA_200_10m,1
DMP_14_10m,1
HURST_100_9m,1
ADX_14_45m,1
ICHIMOKU_dist_price_kijun_40m,1
RSI_14_21m,1
DMP_14_20m,1
DMN_14_20m,1
MACDh_12_26_9_20m,1
ADX_14_20m,1
ADXR_14_2_20m,1
ICHIMOKU_dist_price_kijun_19m,1
RSI_14_20m,1
AROOND_25_19m,1
AROONU_25_19m,1
ATRr_14_19m,1
AROONOSC_25_14m,1
ADX_14_14m,1
FIBO_relative_position_13m,1
FIBO_distance_to_nearest_13m,1
OBV_18m,1
AROONU_25_18m,1
FIBO_relative_position_1h,1
AROOND_25_1h,1
AROONOSC_25_1h,1
FIBO_relative_position_55m,1
AROONOSC_25_55m,1
ADXR_14_2_55m,1
DMP_14_55m,1
ICHIMOKU_price_vs_cloud_9m,1
AROOND_25_9m,1
AROONU_25_9m,1
AROONOSC_25_9m,1
BBP_20_2.0_2.0_9m,1
ADXR_14_2_9m,1
ATRr_14_55m,1
MACDh_12_26_9_55m,1
FIBO_relative_position_50m,1
AROONOSC_25_50m,1
ICHIMOKU_cloud_thickness_4h,1
AROONU_25_4h,1
DMP_14_4h,1
ICHIMOKU_dist_price_kijun_3h,1
FIBO_relative_position_3h,1
HURST_100_3h,1
AROONU_25_3h,1
BBB_20_2.0_2.0_3h,1
RSI_14_3h,1
ICHIMOKU_dist_price_kijun_2h,1
BBB_20_2.0_2.0_2h,1
DMN_14_8m,1
OBV_8m,1
RSI_14_2h,1
DMP_14_18m,1
ATRr_14_18m,1
ICHIMOKU_cloud_thickness_17m,1
AROOND_25_17m,1
AROONU_25_17m,1
ADX_14_17m,1
FIBO_distance_to_nearest_16m,1
MACDh_12_26_9_17m,1
AROONU_25_15m,1
AROOND_25_15m,1
MACDh_12_26_9_15m,1
ICHIMOKU_cloud_thickness_14m,1
ICHIMOKU_tk_cross_14m,1
AROONOSC_25_16m,1
AROOND_25_6m,1
DMN_14_5m,1
DMP_14_6m,1
ADXR_14_2_6m,1
MACDh_12_26_9_5m,1
BBP_20_2.0_2.0_8h,1
AROONU_25_8h,1
ICHIMOKU_dist_price_kijun_8h,1
FIBO_nearest_level_8h,0
ATRr_14_5m,0
BBL_20_2.0_2.0_5m,0
BBM_20_2.0_2.0_5m,0
BBU_20_2.0_2.0_5m,0
ADXR_14_2_5m,0
OBV_6m,0
VWAP_D_6m,0
AROONU_25_6m,0
EMA_20_6m,0
EMA_50_6m,0
EMA_200_6m,0
ITS_9_6m,0
IKS_26_6m,0
FIBO_distance_to_nearest_7h,0
RSI_14_6m,0
ATRr_14_6m,0
MACDh_12_26_9_6m,0
BBL_20_2.0_2.0_6m,0
BBM_20_2.0_2.0_6m,0
BBU_20_2.0_2.0_6m,0
BBP_20_2.0_2.0_6m,0
ICS_26_7h,0
ICHIMOKU_price_vs_cloud_7h,0
ICHIMOKU_cloud_color_7h,0
ICHIMOKU_cloud_thickness_7h,0
ICHIMOKU_tk_cross_7h,0
ICHIMOKU_dist_price_kijun_7h,0
FIBO_relative_position_7h,0
FIBO_nearest_level_7h,0
VWAP_D_7h,0
AROOND_25_7h,0
AROONU_25_7h,0
EMA_20_7h,0
EMA_50_7h,0
EMA_200_7h,0
ITS_9_7h,0
IKS_26_7h,0
DMN_14_15m,0
OBV_15m,0
VWAP_D_15m,0
AROONOSC_25_15m,0
EMA_20_15m,0
EMA_50_15m,0
EMA_200_15m,0
ITS_9_15m,0
FIBO_nearest_level_14m,0
HURST_100_14m,0
RSI_14_15m,0
ATRr_14_15m,0
BBL_20_2.0_2.0_15m,0
BBM_20_2.0_2.0_15m,0
BBU_20_2.0_2.0_15m,0
ADXR_14_2_15m,0
VWAP_D_16m,0
AROONU_25_16m,0
EMA_20_16m,0
EMA_50_16m,0
EMA_200_16m,0
ITS_9_16m,0
IKS_26_16m,0
ICHIMOKU_cloud_color_14m,0
ATRr_14_16m,0
MACDh_12_26_9_16m,0
BBL_20_2.0_2.0_16m,0
BBM_20_2.0_2.0_16m,0
BBU_20_2.0_2.0_16m,0
ADXR_14_2_16m,0
DMN_14_16m,0
OBV_16m,0
IKS_26_17m,0
ICS_26_17m,0
ICHIMOKU_price_vs_cloud_17m,0
ICHIMOKU_cloud_color_17m,0
ICHIMOKU_tk_cross_17m,0
FIBO_relative_position_17m,0
FIBO_nearest_level_17m,0
FIBO_distance_to_nearest_17m,0
DMN_14_17m,0
OBV_17m,0
VWAP_D_17m,0
AROONOSC_25_17m,0
EMA_20_17m,0
EMA_50_17m,0
EMA_200_17m,0
ITS_9_17m,0
HURST_100_16m,0
RSI_14_17m,0
ATRr_14_17m,0
BBL_20_2.0_2.0_17m,0
BBM_20_2.0_2.0_17m,0
BBU_20_2.0_2.0_17m,0
ADXR_14_2_17m,0
DMP_14_17m,0
IKS_26_15m,0
ICS_26_15m,0
ICS_26_16m,0
ICHIMOKU_price_vs_cloud_16m,0
ICHIMOKU_cloud_color_16m,0
ICHIMOKU_cloud_thickness_16m,0
ICHIMOKU_tk_cross_16m,0
FIBO_nearest_level_16m,0
DMP_14_14m,0
DMN_14_14m,0
OBV_14m,0
VWAP_D_14m,0
AROOND_25_14m,0
AROONU_25_14m,0
EMA_20_14m,0
EMA_50_14m,0
HURST_100_13m,0
RSI_14_14m,0
ATRr_14_14m,0
MACDh_12_26_9_14m,0
BBL_20_2.0_2.0_14m,0
BBM_20_2.0_2.0_14m,0
BBU_20_2.0_2.0_14m,0
ADXR_14_2_14m,0
DMN_14_18m,0
VWAP_D_18m,0
AROONOSC_25_18m,0
EMA_20_18m,0
EMA_50_18m,0
EMA_200_18m,0
ICHIMOKU_cloud_thickness_13m,0
FIBO_nearest_level_13m,0
HURST_100_17m,0
RSI_14_18m,0
MACDh_12_26_9_18m,0
BBL_20_2.0_2.0_18m,0
BBM_20_2.0_2.0_18m,0
BBU_20_2.0_2.0_18m,0
ADX_14_18m,0
ADXR_14_2_18m,0
DMN_14_19m,0
OBV_19m,0
VWAP_D_19m,0
AROONOSC_25_19m,0
EMA_20_19m,0
EMA_50_19m,0
EMA_200_19m,0
ITS_9_19m,0
RSI_14_19m,0
MACDh_12_26_9_19m,0
BBL_20_2.0_2.0_19m,0
BBM_20_2.0_2.0_19m,0
BBU_20_2.0_2.0_19m,0
ADX_14_19m,0
ADXR_14_2_19m,0
DMP_14_19m,0
ICHIMOKU_price_vs_cloud_18m,0
ICHIMOKU_cloud_color_18m,0
ICHIMOKU_cloud_thickness_18m,0
ICHIMOKU_tk_cross_18m,0
FIBO_relative_position_18m,0
FIBO_nearest_level_18m,0
FIBO_distance_to_nearest_18m,0
HURST_100_18m,0
EMA_200_14m,0
ITS_9_14m,0
IKS_26_14m,0
ICS_26_14m,0
ICHIMOKU_price_vs_cloud_14m,0
ITS_9_18m,0
IKS_26_18m,0
ICS_26_18m,0
ICS_26_20m,0
ICHIMOKU_price_vs_cloud_20m,0
ICHIMOKU_cloud_color_20m,0
ICHIMOKU_cloud_thickness_20m,0
ICHIMOKU_tk_cross_20m,0
FIBO_nearest_level_20m,0
FIBO_distance_to_nearest_20m,0
HURST_100_20m,0
AROOND_25_20m,0
AROONU_25_20m,0
AROONOSC_25_20m,0
EMA_20_20m,0
EMA_50_20m,0
EMA_200_20m,0
ITS_9_20m,0
IKS_26_20m,0
FIBO_distance_to_nearest_19m,0
HURST_100_19m,0
ATRr_14_20m,0
BBL_20_2.0_2.0_20m,0
BBM_20_2.0_2.0_20m,0
BBU_20_2.0_2.0_20m,0
OBV_20m,0
VWAP_D_20m,0
IKS_26_19m,0
ICS_26_19m,0
ICHIMOKU_price_vs_cloud_19m,0
ICHIMOKU_cloud_color_19m,0
ICHIMOKU_cloud_thickness_19m,0
ICHIMOKU_tk_cross_19m,0
FIBO_relative_position_19m,0
FIBO_nearest_level_19m,0
OBV_13m,0
VWAP_D_13m,0
EMA_20_13m,0
EMA_50_13m,0
EMA_200_13m,0
ITS_9_13m,0
IKS_26_13m,0
ICS_26_13m,0
RSI_14_13m,0
ATRr_14_13m,0
MACDh_12_26_9_13m,0
BBL_20_2.0_2.0_13m,0
BBM_20_2.0_2.0_13m,0
BBU_20_2.0_2.0_13m,0
ADXR_14_2_13m,0
DMN_14_13m,0
DMN_14_21m,0
OBV_21m,0
VWAP_D_21m,0
AROOND_25_21m,0
AROONOSC_25_21m,0
FIBO_nearest_level_12m,0
FIBO_distance_to_nearest_12m,0
HURST_100_12m,0
ATRr_14_21m,0
MACDh_12_26_9_21m,0
BBL_20_2.0_2.0_21m,0
BBM_20_2.0_2.0_21m,0
BBU_20_2.0_2.0_21m,0
ADX_14_21m,0
ADXR_14_2_21m,0
DMP_14_21m,0
VWAP_D_22m,0
AROOND_25_22m,0
AROONOSC_25_22m,0
EMA_20_22m,0
EMA_50_22m,0
EMA_200_22m,0
ITS_9_22m,0
IKS_26_22m,0
MACDh_12_26_9_22m,0
BBL_20_2.0_2.0_22m,0
BBM_20_2.0_2.0_22m,0
BBU_20_2.0_2.0_22m,0
ADXR_14_2_22m,0
DMP_14_22m,0
DMN_14_22m,0
OBV_22m,0
ICHIMOKU_price_vs_cloud_21m,0
ICHIMOKU_cloud_color_21m,0
ICHIMOKU_cloud_thickness_21m,0
ICHIMOKU_tk_cross_21m,0
ICHIMOKU_dist_price_kijun_21m,0
FIBO_distance_to_nearest_21m,0
RSI_14_22m,0
ATRr_14_22m,0
ICHIMOKU_price_vs_cloud_13m,0
ICHIMOKU_cloud_color_13m,0
EMA_20_21m,0
EMA_50_21m,0
EMA_200_21m,0
ITS_9_21m,0
IKS_26_21m,0
ICS_26_21m,0
DMP_14_12m,0
OBV_12m,0
VWAP_D_12m,0
EMA_20_12m,0
EMA_50_12m,0
EMA_200_12m,0
ITS_9_12m,0
IKS_26_12m,0
OBV_23m,0
VWAP_D_23m,0
HURST_100_11m,0
RSI_14_12m,0
BBL_20_2.0_2.0_12m,0
BBM_20_2.0_2.0_12m,0
BBU_20_2.0_2.0_12m,0
ADX_14_12m,0
RSI_14_23m,0
ATRr_14_23m,0
MACDh_12_26_9_23m,0
BBL_20_2.0_2.0_23m,0
BBM_20_2.0_2.0_23m,0
BBU_20_2.0_2.0_23m,0
ADXR_14_2_23m,0
DMP_14_23m,0
ICS_26_22m,0
ICHIMOKU_price_vs_cloud_22m,0
ICHIMOKU_cloud_color_22m,0
ICHIMOKU_cloud_thickness_22m,0
ICHIMOKU_tk_cross_22m,0
ICHIMOKU_dist_price_kijun_22m,0
FIBO_relative_position_22m,0
FIBO_nearest_level_22m,0
BBU_20_2.0_2.0_24m,0
ADX_14_24m,0
DMP_14_24m,0
DMN_14_24m,0
OBV_24m,0
VWAP_D_24m,0
AROOND_25_24m,0
EMA_20_24m,0
FIBO_relative_position_23m,0
FIBO_nearest_level_23m,0
HURST_100_23m,0
RSI_14_24m,0
ATRr_14_24m,0
MACDh_12_26_9_24m,0
BBL_20_2.0_2.0_24m,0
BBM_20_2.0_2.0_24m,0
ITS_9_23m,0
IKS_26_23m,0
ICS_26_23m,0
ICHIMOKU_price_vs_cloud_23m,0
ICHIMOKU_cloud_color_23m,0
ICHIMOKU_cloud_thickness_23m,0
ICHIMOKU_tk_cross_23m,0
ICHIMOKU_dist_price_kijun_23m,0
ICS_26_12m,0
ICHIMOKU_price_vs_cloud_12m,0
ICHIMOKU_cloud_color_12m,0
ICHIMOKU_cloud_thickness_12m,0
AROONOSC_25_23m,0
EMA_20_23m,0
EMA_50_23m,0
EMA_200_23m,0
EMA_50_25m,0
EMA_200_25m,0
ITS_9_25m,0
IKS_26_25m,0
ICS_26_25m,0
ICHIMOKU_price_vs_cloud_25m,0
ICHIMOKU_cloud_color_25m,0
ICHIMOKU_cloud_thickness_25m,0
BBM_20_2.0_2.0_25m,0
BBU_20_2.0_2.0_25m,0
ADX_14_25m,0
ADXR_14_2_25m,0
DMN_14_25m,0
VWAP_D_25m,0
AROONU_25_25m,0
EMA_20_25m,0
ICHIMOKU_tk_cross_24m,0
ICHIMOKU_dist_price_kijun_24m,0
FIBO_nearest_level_24m,0
FIBO_distance_to_nearest_24m,0
HURST_100_24m,0
ATRr_14_25m,0
MACDh_12_26_9_25m,0
BBL_20_2.0_2.0_25m,0
EMA_50_24m,0
EMA_200_24m,0
ITS_9_24m,0
IKS_26_24m,0
ICS_26_24m,0
ICHIMOKU_price_vs_cloud_24m,0
ICHIMOKU_cloud_color_24m,0
ICHIMOKU_cloud_thickness_24m,0
DMP_14_11m,0
DMN_14_11m,0
OBV_11m,0
VWAP_D_11m,0
AROOND_25_11m,0
AROONU_25_11m,0
EMA_20_11m,0
EMA_50_11m,0
HURST_100_10m,0
RSI_14_11m,0
ATRr_14_11m,0
MACDh_12_26_9_11m,0
BBL_20_2.0_2.0_11m,0
BBM_20_2.0_2.0_11m,0
BBU_20_2.0_2.0_11m,0
ADX_14_11m,0
BBM_20_2.0_2.0_30m,0
BBU_20_2.0_2.0_30m,0
ADX_14_30m,0
ADXR_14_2_30m,0
DMP_14_30m,0
DMN_14_30m,0
FIBO_nearest_level_10m,0
FIBO_distance_to_nearest_10m,0
ICHIMOKU_tk_cross_25m,0
ICHIMOKU_dist_price_kijun_25m,0
FIBO_nearest_level_25m,0
FIBO_distance_to_nearest_25m,0
HURST_100_25m,0
RSI_14_30m,0
ATRr_14_30m,0
BBL_20_2.0_2.0_30m,0
RSI_14_35m,0
ATRr_14_35m,0
MACDh_12_26_9_35m,0
BBL_20_2.0_2.0_35m,0
BBM_20_2.0_2.0_35m,0
BBU_20_2.0_2.0_35m,0
ADX_14_35m,0
DMN_14_35m,0
ICHIMOKU_price_vs_cloud_30m,0
ICHIMOKU_cloud_color_30m,0
ICHIMOKU_cloud_thickness_30m,0
ICHIMOKU_tk_cross_30m,0
ICHIMOKU_dist_price_kijun_30m,0
FIBO_relative_position_30m,0
FIBO_distance_to_nearest_30m,0
HURST_100_30m,0
VWAP_D_30m,0
AROONU_25_30m,0
EMA_20_30m,0
EMA_50_30m,0
EMA_200_30m,0
ITS_9_30m,0
IKS_26_30m,0
ICS_26_30m,0
EMA_200_11m,0
ITS_9_11m,0
IKS_26_11m,0
ICS_26_11m,0
ICHIMOKU_cloud_color_11m,0
ICHIMOKU_cloud_thickness_11m,0
ICHIMOKU_tk_cross_11m,0
OBV_30m,0
OBV_40m,0
VWAP_D_40m,0
EMA_20_40m,0
EMA_50_40m,0
EMA_200_40m,0
ITS_9_40m,0
IKS_26_40m,0
ICS_26_40m,0
ATRr_14_40m,0
MACDh_12_26_9_40m,0
BBL_20_2.0_2.0_40m,0
BBM_20_2.0_2.0_40m,0
BBU_20_2.0_2.0_40m,0
ADXR_14_2_40m,0
DMP_14_40m,0
DMN_14_40m,0
ICHIMOKU_price_vs_cloud_35m,0
ICHIMOKU_cloud_color_35m,0
ICHIMOKU_cloud_thickness_35m,0
ICHIMOKU_tk_cross_35m,0
ICHIMOKU_dist_price_kijun_35m,0
FIBO_nearest_level_35m,0
FIBO_distance_to_nearest_35m,0
HURST_100_35m,0
OBV_35m,0
VWAP_D_35m,0
EMA_20_35m,0
EMA_50_35m,0
EMA_200_35m,0
ITS_9_35m,0
IKS_26_35m,0
ICS_26_35m,0
VWAP_D_10m,0
EMA_20_10m,0
EMA_50_10m,0
ITS_9_10m,0
IKS_26_10m,0
ICS_26_10m,0
ICHIMOKU_price_vs_cloud_10m,0
ICHIMOKU_cloud_color_10m,0
MACDh_12_26_9_10m,0
BBL_20_2.0_2.0_10m,0
BBM_20_2.0_2.0_10m,0
BBU_20_2.0_2.0_10m,0
BBP_20_2.0_2.0_10m,0
ADXR_14_2_10m,0
DMN_14_10m,0
OBV_10m,0
MACDh_12_26_9_45m,0
BBL_20_2.0_2.0_45m,0
BBM_20_2.0_2.0_45m,0
BBU_20_2.0_2.0_45m,0
FIBO_nearest_level_9m,0
FIBO_distance_to_nearest_9m,0
RSI_14_10m,0
ATRr_14_10m,0
ICHIMOKU_price_vs_cloud_40m,0
ICHIMOKU_cloud_color_40m,0
ICHIMOKU_cloud_thickness_40m,0
ICHIMOKU_tk_cross_40m,0
FIBO_nearest_level_40m,0
FIBO_distance_to_nearest_40m,0
HURST_100_40m,0
ATRr_14_45m,0
VWAP_D_50m,0
EMA_20_50m,0
EMA_50_50m,0
EMA_200_50m,0
ITS_9_50m,0
IKS_26_50m,0
ICS_26_50m,0
ICHIMOKU_price_vs_cloud_50m,0
FIBO_distance_to_nearest_45m,0
HURST_100_45m,0
ATRr_14_50m,0
BBL_20_2.0_2.0_50m,0
BBM_20_2.0_2.0_50m,0
BBU_20_2.0_2.0_50m,0
ADXR_14_2_50m,0
OBV_50m,0
EMA_200_45m,0
ITS_9_45m,0
IKS_26_45m,0
ICS_26_45m,0
ICHIMOKU_price_vs_cloud_45m,0
ICHIMOKU_cloud_color_45m,0
ICHIMOKU_tk_cross_45m,0
FIBO_nearest_level_45m,0
ICHIMOKU_cloud_thickness_10m,0
ICHIMOKU_dist_price_tenkan_10m,0
DMP_14_45m,0
DMN_14_45m,0
OBV_45m,0
VWAP_D_45m,0
EMA_20_45m,0
EMA_50_45m,0
EMA_50_9m,0
EMA_200_9m,0
ITS_9_9m,0
IKS_26_9m,0
ICS_26_9m,0
ICHIMOKU_cloud_color_9m,0
ICHIMOKU_cloud_thickness_9m,0
ICHIMOKU_tk_cross_9m,0
BBL_20_2.0_2.0_9m,0
BBM_20_2.0_2.0_9m,0
BBU_20_2.0_2.0_9m,0
DMP_14_9m,0
DMN_14_9m,0
OBV_9m,0
VWAP_D_9m,0
EMA_20_9m,0
BBU_20_2.0_2.0_55m,0
BBB_20_2.0_2.0_55m,0
FIBO_nearest_level_8m,0
FIBO_distance_to_nearest_8m,0
HURST_100_8m,0
RSI_14_9m,0
ATRr_14_9m,0
MACDh_12_26_9_9m,0
ICHIMOKU_cloud_color_50m,0
ICHIMOKU_cloud_thickness_50m,0
ICHIMOKU_tk_cross_50m,0
FIBO_nearest_level_50m,0
FIBO_distance_to_nearest_50m,0
HURST_100_50m,0
BBL_20_2.0_2.0_55m,0
BBM_20_2.0_2.0_55m,0
ADXR_14_2_1h,0
DMP_14_1h,0
DMN_14_1h,0
OBV_1h,0
VWAP_D_1h,0
AROONU_25_1h,0
EMA_20_1h,0
EMA_50_1h,0
FIBO_distance_to_nearest_55m,0
HURST_100_55m,0
RSI_14_1h,0
ATRr_14_1h,0
MACDh_12_26_9_1h,0
BBL_20_2.0_2.0_1h,0
BBM_20_2.0_2.0_1h,0
BBU_20_2.0_2.0_1h,0
ITS_9_55m,0
IKS_26_55m,0
ICS_26_55m,0
ICHIMOKU_price_vs_cloud_55m,0
ICHIMOKU_cloud_color_55m,0
ICHIMOKU_cloud_thickness_55m,0
ICHIMOKU_tk_cross_55m,0
FIBO_nearest_level_55m,0
ICHIMOKU_dist_price_tenkan_9m,0
ADX_14_55m,0
DMN_14_55m,0
OBV_55m,0
VWAP_D_55m,0
EMA_20_55m,0
EMA_50_55m,0
EMA_200_55m,0
ADX_14_8m,0
ADXR_14_2_8m,0
DMP_14_8m,0
VWAP_D_8m,0
AROOND_25_8m,0
EMA_20_8m,0
EMA_50_8m,0
EMA_200_8m,0
FIBO_distance_to_nearest_7m,0
HURST_100_7m,0
RSI_14_8m,0
ATRr_14_8m,0
MACDh_12_26_9_8m,0
BBL_20_2.0_2.0_8m,0
BBM_20_2.0_2.0_8m,0
BBU_20_2.0_2.0_8m,0
ICHIMOKU_dist_price_kijun_1h,0
FIBO_nearest_level_1h,0
FIBO_distance_to_nearest_1h,0
HURST_100_1h,0
ATRr_14_2h,0
MACDh_12_26_9_2h,0
BBL_20_2.0_2.0_2h,0
BBM_20_2.0_2.0_2h,0
EMA_200_1h,0
ITS_9_1h,0
IKS_26_1h,0
ICS_26_1h,0
ICHIMOKU_price_vs_cloud_1h,0
ICHIMOKU_cloud_color_1h,0
ICHIMOKU_cloud_thickness_1h,0
ICHIMOKU_tk_cross_1h,0
ICHIMOKU_tk_cross_2h,0
FIBO_nearest_level_2h,0
FIBO_distance_to_nearest_2h,0
HURST_100_2h,0
ATRr_14_3h,0
MACDh_12_26_9_3h,0
BBL_20_2.0_2.0_3h,0
BBM_20_2.0_2.0_3h,0
EMA_50_2h,0
EMA_200_2h,0
ITS_9_2h,0
IKS_26_2h,0
ICS_26_2h,0
ICHIMOKU_price_vs_cloud_2h,0
ICHIMOKU_cloud_color_2h,0
ICHIMOKU_cloud_thickness_2h,0
ADX_14_2h,0
ADXR_14_2_2h,0
DMP_14_2h,0
DMN_14_2h,0
VWAP_D_2h,0
AROOND_25_2h,0
AROONOSC_25_2h,0
EMA_20_2h,0
ITS_9_8m,0
IKS_26_8m,0
ICS_26_8m,0
ICHIMOKU_price_vs_cloud_8m,0
ICHIMOKU_cloud_color_8m,0
ICHIMOKU_cloud_thickness_8m,0
ICHIMOKU_dist_price_tenkan_8m,0
BBU_20_2.0_2.0_2h,0
BBM_20_2.0_2.0_4h,0
BBU_20_2.0_2.0_4h,0
BBB_20_2.0_2.0_4h,0
ADX_14_4h,0
ADXR_14_2_4h,0
DMN_14_4h,0
VWAP_D_4h,0
AROOND_25_4h,0
ICHIMOKU_cloud_thickness_3h,0
ICHIMOKU_tk_cross_3h,0
FIBO_nearest_level_3h,0
FIBO_distance_to_nearest_3h,0
RSI_14_4h,0
ATRr_14_4h,0
MACDh_12_26_9_4h,0
BBL_20_2.0_2.0_4h,0
EMA_20_3h,0
EMA_50_3h,0
EMA_200_3h,0
ITS_9_3h,0
IKS_26_3h,0
ICS_26_3h,0
ICHIMOKU_price_vs_cloud_3h,0
ICHIMOKU_cloud_color_3h,0
BBU_20_2.0_2.0_3h,0
ADX_14_3h,0
ADXR_14_2_3h,0
DMP_14_3h,0
DMN_14_3h,0
VWAP_D_3h,0
AROOND_25_3h,0
AROONOSC_25_3h,0
AROOND_25_7m,0
AROONU_25_7m,0
EMA_20_7m,0
EMA_50_7m,0
EMA_200_7m,0
ITS_9_7m,0
IKS_26_7m,0
ICS_26_7m,0
MACDh_12_26_9_7m,0
BBL_20_2.0_2.0_7m,0
BBM_20_2.0_2.0_7m,0
BBU_20_2.0_2.0_7m,0
DMP_14_7m,0
DMN_14_7m,0
OBV_7m,0
VWAP_D_7m,0
ICHIMOKU_cloud_color_4h,0
ICHIMOKU_tk_cross_4h,0
ICHIMOKU_dist_price_kijun_4h,0
FIBO_nearest_level_4h,0
HURST_100_4h,0
ATRr_14_5h,0
HURST_100_6m,0
RSI_14_7m,0
AROONOSC_25_4h,0
EMA_20_4h,0
EMA_50_4h,0
EMA_200_4h,0
ITS_9_4h,0
IKS_26_4h,0
ICS_26_4h,0
ICHIMOKU_price_vs_cloud_4h,0
FIBO_nearest_level_5h,0
FIBO_distance_to_nearest_5h,0
HURST_100_5h,0
RSI_14_6h,0
ATRr_14_6h,0
MACDh_12_26_9_6h,0
BBL_20_2.0_2.0_6h,0
BBM_20_2.0_2.0_6h,0
EMA_50_5h,0
EMA_200_5h,0
ITS_9_5h,0
IKS_26_5h,0
ICHIMOKU_price_vs_cloud_5h,0
ICHIMOKU_cloud_color_5h,0
ICHIMOKU_cloud_thickness_5h,0
ICHIMOKU_tk_cross_5h,0
ADXR_14_2_5h,0
DMP_14_5h,0
DMN_14_5h,0
VWAP_D_5h,0
AROOND_25_5h,0
AROONU_25_5h,0
AROONOSC_25_5h,0
EMA_20_5h,0
ICHIMOKU_cloud_color_7m,0
ICHIMOKU_cloud_thickness_7m,0
MACDh_12_26_9_5h,0
BBL_20_2.0_2.0_5h,0
BBM_20_2.0_2.0_5h,0
BBU_20_2.0_2.0_5h,0
BBB_20_2.0_2.0_5h,0
ADX_14_5h,0
BBM_20_2.0_2.0_7h,0
BBU_20_2.0_2.0_7h,0
BBB_20_2.0_2.0_7h,0
ADX_14_7h,0
ADXR_14_2_7h,0
DMP_14_7h,0
DMN_14_7h,0
OBV_7h,0
ICHIMOKU_cloud_color_6h,0
ICHIMOKU_tk_cross_6h,0
ICHIMOKU_dist_price_kijun_6h,0
FIBO_nearest_level_6h,0
RSI_14_7h,0
ATRr_14_7h,0
MACDh_12_26_9_7h,0
BBL_20_2.0_2.0_7h,0
AROOND_25_6h,0
AROONOSC_25_6h,0
EMA_20_6h,0
EMA_50_6h,0
ITS_9_6h,0
IKS_26_6h,0
ICS_26_6h,0
ICHIMOKU_price_vs_cloud_6h,0
BBU_20_2.0_2.0_6h,0
BBB_20_2.0_2.0_6h,0
BBP_20_2.0_2.0_6h,0
ADXR_14_2_6h,0
DMP_14_6h,0
DMN_14_6h,0
OBV_6h,0
VWAP_D_6h,0
ITS_9_8h,0
IKS_26_8h,0
ICS_26_8h,0
ICHIMOKU_price_vs_cloud_8h,0
ICHIMOKU_cloud_color_8h,0
ICHIMOKU_tk_cross_8h,0
FIBO_relative_position_8h,0
OBV_5m,0
DMN_14_8h,0
OBV_8h,0
VWAP_D_8h,0
AROOND_25_8h,0
AROONOSC_25_8h,0
EMA_20_8h,0
EMA_50_8h,0
EMA_200_8h,0
MACDh_12_26_9_8h,0
BBL_20_2.0_2.0_8h,0
BBM_20_2.0_2.0_8h,0
BBU_20_2.0_2.0_8h,0
BBB_20_2.0_2.0_8h,0
ADX_14_8h,0
ADXR_14_2_8h,0
DMP_14_8h,0
ICS_26_6m,0
ICHIMOKU_cloud_thickness_6m,0
ICHIMOKU_dist_price_tenkan_6m,0
FIBO_nearest_level_6m,0
FIBO_distance_to_nearest_6m,0
HURST_100_7h,0
RSI_14_8h,0
ATRr_14_8h,0
HURST_100_5m_lag_3,0
MACDh_12_26_9_5m_lag_3,0
MARKET_REGIME_TREND,0
ICHIMOKU_price_vs_cloud_15m,0
ICHIMOKU_cloud_color_15m,0
ICHIMOKU_cloud_thickness_15m,0
FIBO_nearest_level_15m,0
RSI_14_16m,0
WAVELET_NRG_65_128,0
day_sin,0
day_cos,0
WAVELET_NRG_2_8_lag_1,0
WAVELET_NRG_2_8_lag_2,0
WAVELET_NRG_2_8_lag_3,0
HURST_100_5m_lag_1,0
HURST_100_5m_lag_2,0
ICHIMOKU_cloud_thickness_5m,0
ICHIMOKU_tk_cross_5m,0
FIBO_nearest_level_5m,0
FIBO_distance_to_nearest_5m,0
HURST_100_5m,0
FIBO_distance_to_nearest_8h,0
HURST_100_8h,0
WAVELET_NRG_2_8,0
VWAP_D_5m,0
AROONOSC_25_5m,0
EMA_20_5m,0
EMA_50_5m,0
EMA_200_5m,0
ITS_9_5m,0
IKS_26_5m,0
ICS_26_5m,0
